<?xml version="1.0" encoding="UTF-8"?>
<metadata xml:lang="en"><Esri><CreaDate>20240305</CreaDate><CreaTime>14130800</CreaTime><ArcGISFormat>1.0</ArcGISFormat><ArcGISstyle>FGDC CSDGM Metadata</ArcGISstyle><SyncOnce>FALSE</SyncOnce><DataProperties><itemProps><itemName Sync="TRUE">parishes_LDOTD_2012A</itemName><nativeExtBox><westBL Sync="TRUE">-10468840.323600</westBL><eastBL Sync="TRUE">-9880534.202500</eastBL><southBL Sync="TRUE">3357106.851700</southBL><northBL Sync="TRUE">3897900.598600</northBL><exTypeCode Sync="TRUE">1</exTypeCode></nativeExtBox><imsContentType Sync="TRUE">002</imsContentType></itemProps><coordRef><type Sync="TRUE">Projected</type><geogcsn Sync="TRUE">GCS_WGS_1984</geogcsn><csUnits Sync="TRUE">Linear Unit: Meter (1.000000)</csUnits><projcsn Sync="TRUE">WGS_1984_Web_Mercator_Auxiliary_Sphere</projcsn><peXml Sync="TRUE">&lt;ProjectedCoordinateSystem xsi:type='typens:ProjectedCoordinateSystem' xmlns:xsi='http://www.w3.org/2001/XMLSchema-instance' xmlns:xs='http://www.w3.org/2001/XMLSchema' xmlns:typens='http://www.esri.com/schemas/ArcGIS/2.5.0'&gt;&lt;WKT&gt;PROJCS[&amp;quot;WGS_1984_Web_Mercator_Auxiliary_Sphere&amp;quot;,GEOGCS[&amp;quot;GCS_WGS_1984&amp;quot;,DATUM[&amp;quot;D_WGS_1984&amp;quot;,SPHEROID[&amp;quot;WGS_1984&amp;quot;,6378137.0,298.257223563]],PRIMEM[&amp;quot;Greenwich&amp;quot;,0.0],UNIT[&amp;quot;Degree&amp;quot;,0.0174532925199433]],PROJECTION[&amp;quot;Mercator_Auxiliary_Sphere&amp;quot;],PARAMETER[&amp;quot;False_Easting&amp;quot;,0.0],PARAMETER[&amp;quot;False_Northing&amp;quot;,0.0],PARAMETER[&amp;quot;Central_Meridian&amp;quot;,0.0],PARAMETER[&amp;quot;Standard_Parallel_1&amp;quot;,0.0],PARAMETER[&amp;quot;Auxiliary_Sphere_Type&amp;quot;,0.0],UNIT[&amp;quot;Meter&amp;quot;,1.0],AUTHORITY[&amp;quot;EPSG&amp;quot;,3857]]&lt;/WKT&gt;&lt;XOrigin&gt;-20037700&lt;/XOrigin&gt;&lt;YOrigin&gt;-30241100&lt;/YOrigin&gt;&lt;XYScale&gt;10000&lt;/XYScale&gt;&lt;ZOrigin&gt;-100000&lt;/ZOrigin&gt;&lt;ZScale&gt;10000&lt;/ZScale&gt;&lt;MOrigin&gt;-100000&lt;/MOrigin&gt;&lt;MScale&gt;10000&lt;/MScale&gt;&lt;XYTolerance&gt;0.001&lt;/XYTolerance&gt;&lt;ZTolerance&gt;0.001&lt;/ZTolerance&gt;&lt;MTolerance&gt;0.001&lt;/MTolerance&gt;&lt;HighPrecision&gt;true&lt;/HighPrecision&gt;&lt;WKID&gt;102100&lt;/WKID&gt;&lt;LatestWKID&gt;3857&lt;/LatestWKID&gt;&lt;/ProjectedCoordinateSystem&gt;</peXml></coordRef></DataProperties><SyncDate>20200630</SyncDate><SyncTime>09214300</SyncTime><ModDate>20200630</ModDate><ModTime>09214300</ModTime><scaleRange><minScale>150000000</minScale><maxScale>5000</maxScale></scaleRange><ArcGISProfile>FGDC</ArcGISProfile></Esri><mdLang><countryCode value="eng"/><languageCode value="eng" Sync="TRUE"/></mdLang><mdContact><rpIndName>Darryl W. Mack</rpIndName><rpOrgName>Louisiana Department of Transportation and Development</rpOrgName><rpPosName>Information Technology Geographic Project Supervisor</rpPosName><rpCntInfo><cntAddress><delPoint>P.O. Box 94245, Section 21</delPoint><city>Baton Rouge</city><adminArea>Louisiana</adminArea><postCode>70804-9245</postCode><eMailAdd>Darryl.Mack@la.gov</eMailAdd><country>USA</country></cntAddress><cntPhone><voiceNum>225-379-1283</voiceNum><faxNum>225-379-1807</faxNum></cntPhone></rpCntInfo><role><RoleCd value="002"/></role></mdContact><mdStanName>ArcGIS Metadata</mdStanName><mdStanVer>1.0</mdStanVer><dataIdInfo><idCitation><citRespParty><rpIndName>Darryl W. Mack</rpIndName><rpOrgName>Louisiana Department of Transportation and Development</rpOrgName><rpPosName>Information Technology Geographic Project Supervisor</rpPosName><rpCntInfo><cntAddress><delPoint>P.O. Box 94245, Section 21</delPoint><city>Baton Rouge</city><adminArea>Louisiana</adminArea><postCode>70804-9245</postCode><eMailAdd>Darryl.Mack@la.gov</eMailAdd><country>USA</country></cntAddress><cntPhone><voiceNum>225-379-1283</voiceNum><faxNum>225-379-1807</faxNum></cntPhone></rpCntInfo><role><RoleCd value="002"/></role></citRespParty><resTitle Sync="FALSE">Louisiana Parishes</resTitle><presForm><PresFormCd value="005" Sync="TRUE"/></presForm></idCitation><descKeys><thesaName uuidref="723f6998-058e-11dc-8314-0800200c9a66"/></descKeys><otherKeys><thesaName uuidref="723f6998-058e-11dc-8314-0800200c9a66"/><keyword>002</keyword></otherKeys><idPurp>Provide a GIS Layer containing the best existing line work available representing the parish boundaries portraying nominal attributes for each parish.
</idPurp><idAbs>&lt;DIV STYLE="text-align:Left;"&gt;&lt;DIV&gt;&lt;DIV&gt;&lt;P&gt;&lt;SPAN&gt;The &lt;/SPAN&gt;&lt;SPAN STYLE="font-weight:bold;"&gt;latest geometric revision &lt;/SPAN&gt;&lt;SPAN&gt;to the Parish Boundaries was made &lt;/SPAN&gt;&lt;SPAN STYLE="font-weight:bold;"&gt;8/2/2012&lt;/SPAN&gt;&lt;SPAN&gt;.&lt;/SPAN&gt;&lt;/P&gt;&lt;P&gt;&lt;SPAN&gt;All revisions are described below under "Credits".&lt;/SPAN&gt;&lt;/P&gt;&lt;P&gt;&lt;SPAN&gt;Louisiana Parish Boundaries approved by Resolution of the GIS Council on January 19, 2000. This is a region dataset depicting the polygon boundaries of the 64 parishes comprising the state of Louisiana. Parish boundaries extend 3 miles out into the Gulf of Mexico from the coastline. This dataset was derived from many data sources and conveys the best currently (2005) available representation of the parishes of Louisiana and as a consequence, the best currently available representation of the territorial bounds of the state.&lt;/SPAN&gt;&lt;/P&gt;&lt;/DIV&gt;&lt;/DIV&gt;&lt;/DIV&gt;</idAbs><idCredit>Louisiana Department of Transportation and Development provided the source data for production of this data set.
This feature class was developed using original linework that was manually digitized using USGS Quadrangle Maps along with legal parish boundary descriptions. Anomalies will be noted between these data compiled by LADOTD and boundaries that are depicted in other reference data sets (e.g. USGS DRGs).  The depiction of boundaries in this data set has been heavily researched and is believed to be a better representation of the actual boundary than USGS sources. After careful examination conducted by the Louisiana GIS Council, it was resolved to use these boundaries as the most accurate data available on January 19, 2000.

Revisions:    
(1)   Extensions of Parish Boundaries in Lake Maurepas and Lake Pontchartrain in accordance with Legislative Acts 740 of 1979, Regular Session and 229 of 1980, Regular Session that made some correction to Act 740 were  completed October, 2001.

(2)  Took the source data for the parishes and projected them into the UTM NAD 1983 Zone 15N in October 2008.

(3) Added DOTD_District and DMV_CODE fields to the parishes feature class so that we can use the District number and the DMV code as necessary in April 2009.

(4) Parish Boundaries between St. James, Ascension and Assumption Parishes have been modified in two locations so the boundaries are in accordance with the report filed by Gervais Lombard, Research Engineer on March 3, 1943. The third location is based on Ordinance 04-01 passed by the St. James Parish Council. 

The FIRST location on the east bank of the Mississippi River was adjusted to "Commence above at a point in the thread of the channel of the Mississippi River opposite the prolongation of the Section Line between Sections 5 and 8 of Township 11 South, Range 3 East as shown on the 7 1/2' Donaldsonville quadrangle, and extends thence eastwardly on a direct line along said section line, prolonged, and along the section line itself (which latter is the lower line of the Houmas Claim) until the northern end of the St. James-St. John the Baptist boundary line, cast of the River, is intersected near the northeast corner of the northeast corner of the northwest 1/4 of Section 18 of Township 10 South, Range 6 East as shown on the Petite Amite River quadrangle;...". 

The SECOND location on the west bank of the Mississippi River was adjusted to "...the middle of Section 37; thence north, passing through the middles of Sections 37 and 34 of Township 12 South, and extending directly onward to a point approximately 200 feet north of the township line dividing Township 11 North from Township 12 North, at which said point the Ascension-St. James boundary line is intersected in Section 32...". 

The THIRD location was modified based on Ordinance 04-01 of the St. James Parish Council approved February 4, 2004. The map attached to the ordinance provides the necessary information to plot the adjusted parish boundary between Ascension and St. James Parishes, described as a line plotted north easterly from the intersecting point of the parishes of Ascension, Assumption and St. James to the west side of Section 40 of Township 11 South, Range15 East, northwesterly along the west side of Section 40 to Lower Bayou Verret, following Lower Bayou Verret to the prolongation of the northern section line of Section 38 of Township 11 South, Range 15 East, and along the section line itself to the thread of the channel of the Mississppi River.

(5) Parish Boundary between Lafayette and Vermilion Parishes have been modified in two locations so the boundary is in accordance with ordinances passed August 2003. Lafayette Parish Ordinance 0-307-2003 and Vermilion Parish Ordinance 2003-0-21. These changes were plotted and completed August 2, 2012. These ordinances established the parish boundary in two locations. The first is a straight line between Batou Parc Perdu and Darby Coulee passing through Township 11 South, Range 4 East, Sections 22, 24, 25, 26, 27 and 52 and Township 11 South, Range 5 East, Sections 31, 32, &amp; 33. The second is a straight line between Granges Coulee and Indian Bayou passing through Township 10 South, Range 3 East, Sections 29, 30, 32, 33 &amp; 34 and Township 11 South, Range 3 East, Sections 2, 3 &amp; 44.

(6) Added the Population for each parish from the 2010 U.S. Census on August 2, 2012.
</idCredit><searchKeys><keyword>Parishes</keyword><keyword>LDOTD</keyword><keyword>Boundary</keyword></searchKeys><resConst><Consts><useLimit>&lt;DIV STYLE="text-align:Left;"&gt;&lt;DIV&gt;&lt;DIV&gt;&lt;P&gt;&lt;SPAN&gt;There are no use limitations of this data as provided by the Louisiana Department of Transportation and Development (LADOTD). The data was created and is maintained for internal planning usage of the Department. The data has been processed successfully on computers at the LADOTD and has been developed from the best available sources to ensure accuracy and reliability; however, the entire risk as to the quality and performance of the data is assumed by the user. The data herein, including but not limited to geographic data, tabular data, analytical data, electronic data structures or files, are provided "as is" without warranty of any kind, either expressed or implied, including, but not limited to, the implied warranties of merchantability and fitness for a particular purpose. In no event shall the LADOTD be liable for direct, indirect, incidental, consequential or specific damages of any kind, including, but not limited to, loss of anticipated profits or benefits arising out of use of or reliance on the data. The user should refer to the accompanying metadata notes for a description of the data and data development procedures. The data may not be suitable for all high-precision measurement applications such as property transfers or other uses that might require highly accurate measurements of the earth's surface. Distribution of the data is intended for informational purposes and should not be considered authoritative for navigational, engineering, legal or other site-specific uses. The data is provided free to use in any product or publication, however no warranty, expressed or implied is made with regard to the accuracy of data or the spatial accuracy, and LADOTD accepts no liability for any damages or misrepresentation caused by inaccuracies in the data or as a result of changes to the data caused by system transfers or other transformations or conversions, nor is there responsibility assumed to maintain the data in any manner or form.&lt;/SPAN&gt;&lt;/P&gt;&lt;/DIV&gt;&lt;/DIV&gt;&lt;/DIV&gt;</useLimit></Consts></resConst><resMaint><maintFreq><MaintFreqCd value="009"/></maintFreq><dateNext>20110715</dateNext></resMaint><idPoC><rpIndName>Darryl W. Mack</rpIndName><rpOrgName>Louisiana Department of Transportation and Development</rpOrgName><rpPosName>Information Technology Geographic Project Supervisor</rpPosName><rpCntInfo><cntAddress><delPoint>P.O. Box 94245, Section 21</delPoint><city>Baton Rouge</city><adminArea>Louisiana</adminArea><postCode>70804-9245</postCode><eMailAdd>Darryl.Mack@la.gov</eMailAdd><country>USA</country></cntAddress><cntPhone><voiceNum>225-379-1283</voiceNum><faxNum>225-379-1807</faxNum></cntPhone></rpCntInfo><role><RoleCd value="002"/></role></idPoC><envirDesc Sync="FALSE">Esri ArcGIS 12.5.1.22081</envirDesc><dataLang><languageCode value="eng" Sync="TRUE"/><countryCode value="USA" Sync="TRUE"/></dataLang><spatRpType><SpatRepTypCd value="001" Sync="TRUE"/></spatRpType><dataExt><geoEle><GeoBndBox esriExtentType="search"><exTypeCode Sync="TRUE">1</exTypeCode><westBL Sync="TRUE">-94.043193</westBL><eastBL Sync="TRUE">-88.758349</eastBL><northBL Sync="TRUE">33.019561</northBL><southBL Sync="TRUE">28.854238</southBL></GeoBndBox></geoEle></dataExt><tpCat><TopicCatCd value="003"/></tpCat></dataIdInfo><mdMaint><maintFreq><MaintFreqCd value="009"/></maintFreq><dateNext>20110715</dateNext></mdMaint><eainfo><detailed Name="parishes_LDOTD_2012A"><enttyp><enttypl Sync="TRUE">parishes_LDOTD_2012A</enttypl><enttypd>attribute table for parish regions</enttypd><enttypds>LADOTD</enttypds><enttypt Sync="TRUE">Feature Class</enttypt><enttypc Sync="TRUE">64</enttypc></enttyp><attr><attrlabl>Shape_Length</attrlabl><attrdef>Length of feature in internal units.</attrdef><attrdefs>ESRI</attrdefs><attrdomv><udom>Positive real numbers that are automatically generated.</udom></attrdomv><attalias Sync="TRUE">OBJECTID</attalias><attrtype Sync="TRUE">OID</attrtype><attwidth Sync="TRUE">4</attwidth><atprecis Sync="TRUE">0</atprecis><attscale Sync="TRUE">0</attscale></attr><attr><attrlabl>Shape_Area</attrlabl><attrdef>Area of feature in internal units squared.</attrdef><attrdefs>ESRI</attrdefs><attrdomv><udom>Positive real numbers that are automatically generated.</udom></attrdomv><attalias Sync="TRUE">Population</attalias><attrtype Sync="TRUE">Double</attrtype><attwidth Sync="TRUE">8</attwidth><atprecis Sync="TRUE">0</atprecis><attscale Sync="TRUE">0</attscale></attr><attr><attrlabl>SHAPE_Area</attrlabl><attrdef>Area of feature in internal units squared.</attrdef><attrdefs>ESRI</attrdefs><attrdomv><udom>Positive real numbers that are automatically generated.</udom></attrdomv><attalias Sync="TRUE">Name</attalias><attrtype Sync="TRUE">String</attrtype><attwidth Sync="TRUE">30</attwidth><atprecis Sync="TRUE">0</atprecis><attscale Sync="TRUE">0</attscale></attr><attr><attrlabl>SHAPE_Length</attrlabl><attrdef>Length of feature in internal units.</attrdef><attrdefs>ESRI</attrdefs><attrdomv><udom>Positive real numbers that are automatically generated.</udom></attrdomv><attalias Sync="TRUE">State</attalias><attrtype Sync="TRUE">String</attrtype><attwidth Sync="TRUE">2</attwidth><atprecis Sync="TRUE">0</atprecis><attscale Sync="TRUE">0</attscale></attr><attr><attrlabl>OBJECTID</attrlabl><attrdef>Internal feature number.</attrdef><attrdefs>ESRI</attrdefs><attrdomv><udom>Sequential unique whole numbers that are automatically generated.</udom></attrdomv><attalias Sync="TRUE">State_FIPS</attalias><attrtype Sync="TRUE">String</attrtype><attwidth Sync="TRUE">2</attwidth><atprecis Sync="TRUE">0</atprecis><attscale Sync="TRUE">0</attscale></attr><attr><attrlabl>Shape</attrlabl><attrdef>Feature geometry.</attrdef><attrdefs>ESRI</attrdefs><attrdomv><udom>Coordinates defining the features.</udom></attrdomv><attalias Sync="TRUE">Shape</attalias><attrtype Sync="TRUE">Geometry</attrtype><attwidth Sync="TRUE">0</attwidth><atprecis Sync="TRUE">0</atprecis><attscale Sync="TRUE">0</attscale></attr><attr><attrlabl Sync="TRUE">Population</attrlabl><attalias Sync="TRUE">Parish_FIPS</attalias><attrtype Sync="TRUE">String</attrtype><attwidth Sync="TRUE">3</attwidth><atprecis Sync="TRUE">0</atprecis><attscale Sync="TRUE">0</attscale><attrdef Sync="TRUE">Feature geometry.</attrdef><attrdefs Sync="TRUE">Esri</attrdefs><attrdomv><udom Sync="TRUE">Coordinates defining the features.</udom></attrdomv></attr><attr><attrlabl Sync="TRUE">State_FIPS</attrlabl><attalias Sync="TRUE">Parish_Number</attalias><attrtype Sync="TRUE">String</attrtype><attwidth Sync="TRUE">2</attwidth><atprecis Sync="TRUE">0</atprecis><attscale Sync="TRUE">0</attscale></attr><attr><attrlabl>SHAPE</attrlabl><attrdef>Feature geometry.</attrdef><attrdefs>ESRI</attrdefs><attrdomv><udom>Coordinates defining the features.</udom></attrdomv><attalias Sync="TRUE">Shape_Area</attalias><attrtype Sync="TRUE">Double</attrtype><attwidth Sync="TRUE">8</attwidth><atprecis Sync="TRUE">0</atprecis><attscale Sync="TRUE">0</attscale></attr><attr><attrlabl Sync="TRUE">PARISH_FIPS</attrlabl><attalias Sync="TRUE">Shape_Length</attalias><attrtype Sync="TRUE">Double</attrtype><attwidth Sync="TRUE">8</attwidth><atprecis Sync="TRUE">0</atprecis><attscale Sync="TRUE">0</attscale><attrdef Sync="TRUE">Length of feature in internal units.</attrdef><attrdefs Sync="TRUE">ESRI</attrdefs><attrdomv><udom Sync="TRUE">Positive real numbers that are automatically generated.</udom></attrdomv></attr><attr><attrlabl Sync="TRUE">Parish_Number</attrlabl><attalias Sync="TRUE">Label</attalias><attrtype Sync="TRUE">String</attrtype><attwidth Sync="TRUE">100</attwidth><atprecis Sync="TRUE">0</atprecis><attscale Sync="TRUE">0</attscale><attrdef Sync="TRUE">Length of feature in internal units.</attrdef><attrdefs Sync="TRUE">ESRI</attrdefs><attrdomv><udom Sync="TRUE">Positive real numbers that are automatically generated.</udom></attrdomv></attr><attr><attrlabl Sync="TRUE">Label</attrlabl><attalias Sync="TRUE">State_FIPS</attalias><attrtype Sync="TRUE">String</attrtype><attwidth Sync="TRUE">2</attwidth><atprecis Sync="TRUE">0</atprecis><attscale Sync="TRUE">0</attscale></attr></detailed></eainfo><distInfo><distFormat><formatName Sync="TRUE">File Geodatabase Feature Class</formatName></distFormat></distInfo><mdHrLv><ScopeCd value="005" Sync="TRUE"/></mdHrLv><mdHrLvName Sync="TRUE">dataset</mdHrLvName><refSysInfo><RefSystem><refSysID><identCode code="3857" Sync="TRUE"/><idCodeSpace Sync="TRUE">EPSG</idCodeSpace><idVersion Sync="TRUE">8.8(9.3.1.2)</idVersion></refSysID></RefSystem></refSysInfo><spatRepInfo><VectSpatRep><geometObjs Name="parishes_LDOTD_2012A"><geoObjTyp><GeoObjTypCd value="002" Sync="TRUE"/></geoObjTyp><geoObjCnt Sync="TRUE">64</geoObjCnt></geometObjs><topLvl><TopoLevCd value="001" Sync="TRUE"/></topLvl></VectSpatRep></spatRepInfo><spdoinfo><ptvctinf><esriterm Name="parishes_LDOTD_2012A"><efeatyp Sync="TRUE">Simple</efeatyp><efeageom code="4" Sync="TRUE"/><esritopo Sync="TRUE">FALSE</esritopo><efeacnt Sync="TRUE">64</efeacnt><spindex Sync="TRUE">TRUE</spindex><linrefer Sync="TRUE">FALSE</linrefer></esriterm></ptvctinf></spdoinfo><mdDateSt Sync="TRUE">20200630</mdDateSt></metadata>
