﻿Year,Parish,Rate,Count,Population
2011,East Baton Rouge,49.1,211,"441,627"
2011,Jefferson ,75.8,378,"434,133"
2011,West Baton Rouge,^,^,"24,125"
2012,East Baton Rouge,54.8,241,"443,075"
2012,Jefferson ,59.7,308,"434,049"
2012,West Baton Rouge,82.6,21,"24,170"
2013,East Baton Rouge,54.6,243,"444,345"
2013,Jefferson ,65.2,344,"434,394"
2013,West Baton Rouge,69.7,19,"24,682"
2014,East Baton Rouge,52.7,235,"445,334"
2014,Jefferson ,66.5,352,"434,235"
2014,West Baton Rouge,84.3,22,"25,229"
2015,East Baton Rouge,48.3,226,"445,776"
2015,Jefferson ,62.6,343,"435,358"
2015,West Baton Rouge,93.5,27,"25,596"
2016,East Baton Rouge,49.2,236,"447,020"
2016,Jefferson ,69.3,382,"436,865"
2016,West Baton Rouge,73.1,22,"25,942"
2017,East Baton Rouge,54.9,263,"444,848"
2017,Jefferson ,54.7,302,"436,571"
2017,West Baton Rouge,68.9,21,"26,238"
2018,East Baton Rouge,48.5,241,"442,720"
2018,Jefferson ,51.6,301,"434,637"
2018,West Baton Rouge,60.4,19,"26,451"
