﻿Month,Year,Name,Mean
January,2020,Rapides,5.690909091
February,2020,Rapides,4.244444444
March,2020,Rapides,7
April,2020,Rapides,7.99
May,2020,Rapides,5.26
June,2020,Rapides,10.66
July,2020,Rapides,10.01
August,2020,Rapides,8.87
September,2020,Rapides,7.62
October,2020,Rapides,7.6
November,2020,Rapides,6.96
December,2020,Rapides,5.32
January,2020,East Baton Rouge,6.555555556
February,2020,East Baton Rouge,6.110344828
March,2020,East Baton Rouge,8.009677419
April,2020,East Baton Rouge,8.247826087
May,2020,East Baton Rouge,7.470967742
June,2020,East Baton Rouge,10.81
July,2020,East Baton Rouge,10.28064516
August,2020,East Baton Rouge,8.353571429
September,2020,East Baton Rouge,8.51
October,2020,East Baton Rouge,7.967741935
November,2020,East Baton Rouge,7.923333333
December,2020,East Baton Rouge,7.880769231
January,2020,East Baton Rouge,6.35
February,2020,East Baton Rouge,8.9
March,2020,East Baton Rouge,8.64
April,2020,East Baton Rouge,6.3
May,2020,East Baton Rouge,7.1
June,2020,East Baton Rouge,9.4
July,2020,East Baton Rouge,10.43333333
August,2020,East Baton Rouge,11.23333333
September,2020,East Baton Rouge,4
October,2020,East Baton Rouge,6.8
November,2020,East Baton Rouge,7.5
December,2020,East Baton Rouge,7.25
January,2020,Iberville,7
February,2020,Iberville,4.8
March,2020,Iberville,7.545454545
April,2020,Iberville,8.09
May,2020,Iberville,5.94
June,2020,Iberville,8.61
July,2020,Iberville,9.508333333
August,2020,Iberville,9.990909091
September,2020,Iberville,6.71
October,2020,Iberville,7.8
November,2020,Iberville,8.03
December,2020,Iberville,5.6
January,2020,St. Bernard,6.733333333
February,2020,St. Bernard,4.92
March,2020,St. Bernard,10.34
April,2020,St. Bernard,8.18
May,2020,St. Bernard,7.82
June,2020,St. Bernard,9.28
July,2020,St. Bernard,10.68
August,2020,St. Bernard,9.233333333
September,2020,St. Bernard,6.98
October,2020,St. Bernard,7.75
November,2020,St. Bernard,6.933333333
December,2020,St. Bernard,5.9
January,2020,Ascension,7.254545455
February,2020,Ascension,4.722222222
March,2020,Ascension,7.490909091
April,2020,Ascension,9.98
May,2020,Ascension,5.66
June,2020,Ascension,7.75
July,2020,Ascension,6.866666667
August,2020,Ascension,10.29090909
September,2020,Ascension,7.49
October,2020,Ascension,8.41
November,2020,Ascension,6.2375
December,2020,Ascension,6.98
January,2020,Tangipahoa,6.2
February,2020,Tangipahoa,4.2625
March,2020,Tangipahoa,7.71
April,2020,Tangipahoa,8.33
May,2020,Tangipahoa,6.422222222
June,2020,Tangipahoa,8.23
July,2020,Tangipahoa,8.444444444
August,2020,Tangipahoa,9.4
September,2020,Tangipahoa,6.72
October,2020,Tangipahoa,8.13
November,2020,Tangipahoa,6.65
December,2020,Tangipahoa,5.4625
January,2020,Tangipahoa,6.38
February,2020,Tangipahoa,4.425
March,2020,Tangipahoa,8.075
April,2020,Tangipahoa,8.34
May,2020,Tangipahoa,5.68
June,2020,Tangipahoa,11.74
July,2020,Tangipahoa,7.575
August,2020,Tangipahoa,8.133333333
September,2020,Tangipahoa,7.3
October,2020,Tangipahoa,10.2
November,2020,Tangipahoa,7
December,2020,Tangipahoa,5.76
January,2020,Terrebonne,7.045454545
February,2020,Terrebonne,4.688888889
March,2020,Terrebonne,7.8
April,2020,Terrebonne,6.18
May,2020,Terrebonne,5.27
June,2020,Terrebonne,8.48
July,2020,Terrebonne,9.81
August,2020,Terrebonne,9.836363636
September,2020,Terrebonne,6.62
October,2020,Terrebonne,8.89
November,2020,Terrebonne,7.57
December,2020,Terrebonne,6.255555556
January,2020,Jefferson,6.16
February,2020,Jefferson,4.44
March,2020,Jefferson,9.28
April,2020,Jefferson,7.36
May,2020,Jefferson,5.275
June,2020,Jefferson,10.575
July,2020,Jefferson,10.08
August,2020,Jefferson,8.616666667
September,2020,Jefferson,6.42
October,2020,Jefferson,6.9
November,2020,Jefferson,6.3
December,2020,Jefferson,5.82
January,2020,Lafayette,9
February,2020,Lafayette,4.566666667
March,2020,Lafayette,7.645454545
April,2020,Lafayette,8.76
May,2020,Lafayette,5.4
June,2020,Lafayette,9.86
July,2020,Lafayette,10.66
August,2020,Lafayette,8.472727273
September,2020,Lafayette,7.28
October,2020,Lafayette,9.177777778
November,2020,Lafayette,8.94
December,2020,Lafayette,8.1
January,2020,Calcasieu,8.072727273
February,2020,Calcasieu,5.5375
March,2020,Calcasieu,8.354545455
April,2020,Calcasieu,7.988888889
May,2020,Calcasieu,6.233333333
June,2020,Calcasieu,8.62
July,2020,Calcasieu,10.56363636
August,2020,Calcasieu,9.636363636
September,2020,Calcasieu,7.02
October,2020,Calcasieu,7.63
November,2020,Calcasieu,6.73
December,2020,Calcasieu,6.4125
January,2020,Jefferson,7.523076923
February,2020,Jefferson,5.133333333
March,2020,Jefferson,7.954545455
April,2020,Jefferson,8.94
May,2020,Jefferson,5.93
June,2020,Jefferson,8.73
July,2020,Jefferson,10.67272727
August,2020,Jefferson,9.872727273
September,2020,Jefferson,7.14
October,2020,Jefferson,8.466666667
November,2020,Jefferson,8.785714286
December,2020,Jefferson,5.75
January,2020,Ouachita,5.972727273
February,2020,Ouachita,3.811111111
March,2020,Ouachita,5.981818182
April,2020,Ouachita,6.766666667
May,2020,Ouachita,5.42
June,2020,Ouachita,10.7
July,2020,Ouachita,9.24
August,2020,Ouachita,9.190909091
September,2020,Ouachita,9.07
October,2020,Ouachita,7.66
November,2020,Ouachita,6.97
December,2020,Ouachita,6.5125
January,2020,West Baton Rouge,6.462068966
February,2020,West Baton Rouge,6.277777778
March,2020,West Baton Rouge,8.536666667
April,2020,West Baton Rouge,9.52
May,2020,West Baton Rouge,8.142307692
June,2020,West Baton Rouge,10.19666667
July,2020,West Baton Rouge,10.62903226
August,2020,West Baton Rouge,9.883333333
September,2020,West Baton Rouge,9.303333333
October,2020,West Baton Rouge,8.348387097
November,2020,West Baton Rouge,7.975862069
December,2020,West Baton Rouge,6.9
January,2020,Caddo,8.418181818
February,2020,Caddo,6.266666667
March,2020,Caddo,9.416666667
April,2020,Caddo,8.61
May,2020,Caddo,6.74
June,2020,Caddo,14.65
July,2020,Caddo,12.28
August,2020,Caddo,11.9
September,2020,Caddo,9.3375
October,2020,Caddo,8.95
November,2020,Caddo,8.16
December,2020,Caddo,9.14
January,2020,Caddo,6.833333333
February,2020,Caddo,6.5
March,2020,Caddo,8.6
April,2020,Caddo,11.1
May,2020,Caddo,5.6
June,2020,Caddo,9.466666667
July,2020,Caddo,17.875
August,2020,Caddo,12.7
September,2020,Caddo,8.4
October,2020,Caddo,9.5
November,2020,Caddo,5
December,2020,Caddo,9.1
January,2020,Calcasieu,5.527272727
February,2020,Calcasieu,4.177777778
March,2020,Calcasieu,7.781818182
April,2020,Calcasieu,8.18
May,2020,Calcasieu,5.31
June,2020,Calcasieu,11.52
July,2020,Calcasieu,10.77
August,2020,Calcasieu,8.488888889
September,2020,Calcasieu,8.1
October,2020,Calcasieu,7.89
November,2020,Calcasieu,6.95
December,2020,Calcasieu,4.67
