﻿Month,Year,Name,Mean
January,2012,Rapides,6.845454545
February,2012,Rapides,4.911111111
March,2012,Rapides,7.490909091
April,2012,Rapides,6.744444444
May,2012,Rapides,11.60769231
June,2012,Rapides,10.96363636
July,2012,Rapides,8.463636364
August,2012,Rapides,8.6
September,2012,Rapides,9.58
October,2012,Rapides,8.82
November,2012,Rapides,9.96
December,2012,Rapides,4.133333333
January,2012,East Baton Rouge,10.27
February,2012,East Baton Rouge,8.027586207
March,2012,East Baton Rouge,7.661290323
April,2012,East Baton Rouge,8.842857143
May,2012,East Baton Rouge,12.19032258
June,2012,East Baton Rouge,11.1037037
July,2012,East Baton Rouge,9.744827586
August,2012,East Baton Rouge,9.933333333
September,2012,East Baton Rouge,10.46923077
October,2012,East Baton Rouge,10.01333333
November,2012,East Baton Rouge,10.69655172
December,2012,East Baton Rouge,8.139285714
January,2012,East Baton Rouge,12.5
February,2012,East Baton Rouge,7.1
March,2012,East Baton Rouge,6.5
April,2012,East Baton Rouge,7.9
May,2012,East Baton Rouge,13.9
June,2012,East Baton Rouge,12.56666667
July,2012,East Baton Rouge,6.4
August,2012,East Baton Rouge,11.45
September,2012,East Baton Rouge,7.9
October,2012,East Baton Rouge,6.4
November,2012,East Baton Rouge,7.4
December,2012,East Baton Rouge,8.4
January,2012,St. Bernard,13.3
February,2012,St. Bernard,7.82
March,2012,St. Bernard,7.56
April,2012,St. Bernard,13.2
May,2012,St. Bernard,13.8
June,2012,St. Bernard,10.28
July,2012,St. Bernard,7.82
August,2012,St. Bernard,8.14
September,2012,St. Bernard,11.04
October,2012,St. Bernard,9.66
November,2012,St. Bernard,9.833333333
December,2012,St. Bernard,13.83333333
January,2012,Ascension,8.327272727
February,2012,Ascension,8.733333333
March,2012,Ascension,7.281818182
April,2012,Ascension,10.69
May,2012,Ascension,12.46
June,2012,Ascension,11.27
July,2012,Ascension,7.5
August,2012,Ascension,8.527272727
September,2012,Ascension,9.48
October,2012,Ascension,10.12
November,2012,Ascension,10.9
December,2012,Ascension,6.99
January,2012,Tangipahoa,7.754545455
February,2012,Tangipahoa,6.544444444
March,2012,Tangipahoa,6.3375
April,2012,Tangipahoa,9.828571429
May,2012,Tangipahoa,11.68
June,2012,Tangipahoa,10.46666667
July,2012,Tangipahoa,8.777777778
August,2012,Tangipahoa,8.02
September,2012,Tangipahoa,10.06
October,2012,Tangipahoa,8.86
November,2012,Tangipahoa,9.414285714
December,2012,Tangipahoa,6.55
January,2012,Tangipahoa,10.4
February,2012,Tangipahoa,6.6
March,2012,Tangipahoa,4.95
April,2012,Tangipahoa,8.433333333
May,2012,Tangipahoa,12.75
June,2012,Tangipahoa,13.1
July,2012,Tangipahoa,7
August,2012,Tangipahoa,9.033333333
September,2012,Tangipahoa,9.266666667
October,2012,Tangipahoa,9.95
November,2012,Tangipahoa,9.2
December,2012,Tangipahoa,8.2
January,2012,Terrebonne,7.290909091
February,2012,Terrebonne,7.333333333
March,2012,Terrebonne,5.718181818
April,2012,Terrebonne,8.26
May,2012,Terrebonne,10.98
June,2012,Terrebonne,8.13
July,2012,Terrebonne,6.9
August,2012,Terrebonne,6.522222222
September,2012,Terrebonne,8.34
October,2012,Terrebonne,8.5
November,2012,Terrebonne,8.357142857
December,2012,Terrebonne,6.466666667
January,2012,Jefferson,7.770967742
February,2012,Jefferson,6.686206897
March,2012,Jefferson,6.851612903
April,2012,Jefferson,9.253846154
May,2012,Jefferson,11.44516129
June,2012,Jefferson,8.6
July,2012,Jefferson,8.24516129
August,2012,Jefferson,7.957692308
September,2012,Jefferson,10.00357143
October,2012,Jefferson,7.25
November,2012,Jefferson,9.448148148
December,2012,Jefferson,6.426666667
January,2012,Lafayette,7.8
February,2012,Lafayette,6.611111111
March,2012,Lafayette,7.025
April,2012,Lafayette,8.28
May,2012,Lafayette,11
June,2012,Lafayette,10.46
July,2012,Lafayette,9.48
August,2012,Lafayette,8.8
September,2012,Lafayette,9.54
October,2012,Lafayette,8.53
November,2012,Lafayette,8.94
December,2012,Lafayette,5.625
January,2012,Calcasieu,7.8
February,2012,Calcasieu,6.611111111
March,2012,Calcasieu,7.025
April,2012,Calcasieu,8.28
May,2012,Calcasieu,11
June,2012,Calcasieu,10.46
July,2012,Calcasieu,9.48
August,2012,Calcasieu,8.8
September,2012,Calcasieu,9.54
October,2012,Calcasieu,8.53
November,2012,Calcasieu,8.94
December,2012,Calcasieu,5.625
January,2012,Jefferson,9.581818182
February,2012,Jefferson,6.677777778
March,2012,Jefferson,7.072727273
April,2012,Jefferson,8.12
May,2012,Jefferson,11.66
June,2012,Jefferson,9.12
July,2012,Jefferson,8.82
August,2012,Jefferson,7.6875
September,2012,Jefferson,10.37857143
October,2012,Jefferson,9.3
November,2012,Jefferson,12.46
December,2012,Jefferson,5.97
January,2012,Ouachita,9.672727273
February,2012,Ouachita,5.575
March,2012,Ouachita,7.1
April,2012,Ouachita,7.688888889
May,2012,Ouachita,14.5
June,2012,Ouachita,11.58461538
July,2012,Ouachita,9.16
August,2012,Ouachita,10.93636364
September,2012,Ouachita,8.91
October,2012,Ouachita,8.63
November,2012,Ouachita,9.74
December,2012,Ouachita,6.4
January,2012,West Baton Rouge,9.764
February,2012,West Baton Rouge,8.2
March,2012,West Baton Rouge,9.07826087
April,2012,West Baton Rouge,9.435714286
May,2012,West Baton Rouge,12.4037037
June,2012,West Baton Rouge,10.75517241
July,2012,West Baton Rouge,9.322580645
August,2012,West Baton Rouge,9.9
September,2012,West Baton Rouge,10.72380952
October,2012,West Baton Rouge,10.46785714
November,2012,West Baton Rouge,10.04482759
December,2012,West Baton Rouge,8.15
January,2012,Caddo,11.92727273
February,2012,Caddo,8.177777778
March,2012,Caddo,11.60909091
April,2012,Caddo,10.61
May,2012,Caddo,15.51
June,2012,Caddo,16.44
July,2012,Caddo,11.2125
August,2012,Caddo,13.06
September,2012,Caddo,10.41111111
October,2012,Caddo,10.8875
November,2012,Caddo,12.62
December,2012,Caddo,9.56
January,2012,Caddo,8.9
February,2012,Caddo,9.766666667
March,2012,Caddo,9.466666667
April,2012,Caddo,12.73333333
May,2012,Caddo,12.45
June,2012,Caddo,15.8
July,2012,Caddo,10.4
August,2012,Caddo,12.86666667
September,2012,Caddo,10.5
October,2012,Caddo,17.95
November,2012,Caddo,15.3
December,2012,Caddo,9.9
January,2012,Calcasieu,5.963636364
February,2012,Calcasieu,6.344444444
March,2012,Calcasieu,6.016666667
April,2012,Calcasieu,8.666666667
May,2012,Calcasieu,10.84545455
June,2012,Calcasieu,10.67
July,2012,Calcasieu,9.55
August,2012,Calcasieu,7.85
September,2012,Calcasieu,7.881818182
October,2012,Calcasieu,7.4875
November,2012,Calcasieu,7.75
December,2012,Calcasieu,7.27
