Date,Parish,Latitude,Longitude,PM2.5
2011/1,Alexandria,31.3113,-92.4451,7.8
2011/2,Alexandria,31.3113,-92.4451,6.477777778
2011/3,Alexandria,31.3113,-92.4451,9.890909091
2011/4,Alexandria,31.3113,-92.4451,9.21
2011/5,Alexandria,31.3113,-92.4451,7.86
2011/6,Alexandria,31.3113,-92.4451,11.39
2011/7,Alexandria,31.3113,-92.4451,7.32
2011/8,Alexandria,31.3113,-92.4451,11.71818182
2011/9,Alexandria,31.3113,-92.4451,9.588888889
2011/10,Alexandria,31.3113,-92.4451,8.691666667
2011/11,Alexandria,31.3113,-92.4451,6.144444444
2011/12,Alexandria,31.3113,-92.4451,6.438461538
2011/1,BatonRouge,30.4507,-91.1546,9.538709677
2011/2,BatonRouge,30.4507,-91.1546,9.2
2011/3,BatonRouge,30.4507,-91.1546,9.309677419
2011/4,BatonRouge,30.4507,-91.1546,9.776666667
2011/5,BatonRouge,30.4507,-91.1546,9.667741935
2011/6,BatonRouge,30.4507,-91.1546,12.78333333
2011/7,BatonRouge,30.4507,-91.1546,9.183870968
2011/8,BatonRouge,30.4507,-91.1546,13.93333333
2011/9,BatonRouge,30.4507,-91.1546,11.08275862
2011/10,BatonRouge,30.4507,-91.1546,10.77419355
2011/11,BatonRouge,30.4507,-91.1546,7.671428571
2011/12,BatonRouge,30.4507,-91.1546,8.016129032
2011/1,BayouPlaquemine,30.287,-91.2423,7.74
2011/2,BayouPlaquemine,30.287,-91.2423,8.655555556
2011/3,BayouPlaquemine,30.287,-91.2423,8.463636364
2011/4,BayouPlaquemine,30.287,-91.2423,9.88
2011/5,BayouPlaquemine,30.287,-91.2423,8.944444444
2011/6,BayouPlaquemine,30.287,-91.2423,11.7
2011/7,BayouPlaquemine,30.287,-91.2423,6.86
2011/8,BayouPlaquemine,30.287,-91.2423,12.33636364
2011/9,BayouPlaquemine,30.287,-91.2423,10.93
2011/10,BayouPlaquemine,30.287,-91.2423,9.79
2011/11,BayouPlaquemine,30.287,-91.2423,7.6
2011/12,BayouPlaquemine,30.287,-91.2423,9.15
2011/1,Chalmette,29.9336,-89.9636,8.78
2011/2,Chalmette,29.9336,-89.9636,9.82
2011/3,Chalmette,29.9336,-89.9636,10.66
2011/4,Chalmette,29.9336,-89.9636,12.06
2011/5,Chalmette,29.9336,-89.9636,14.58
2011/6,Chalmette,29.9336,-89.9636,13.975
2011/7,Chalmette,29.9336,-89.9636,8.72
2011/8,Chalmette,29.9336,-89.9636,13.56666667
2011/9,Chalmette,29.9336,-89.9636,13.34
2011/10,Chalmette,29.9336,-89.9636,8.56
2011/11,Chalmette,29.9336,-89.9636,7.2
2011/12,Chalmette,29.9336,-89.9636,7.4
2011/1,Geismer,30.1797,-90.9789,9.87
2011/2,Geismer,30.1797,-90.9789,8.944444444
2011/3,Geismer,30.1797,-90.9789,9.763636364
2011/4,Geismer,30.1797,-90.9789,6.822222222
2011/5,Geismer,30.1797,-90.9789,10.04166667
2011/6,Geismer,30.1797,-90.9789,13.05555556
2011/7,Geismer,30.1797,-90.9789,8.081818182
2011/8,Geismer,30.1797,-90.9789,11.78
2011/9,Geismer,30.1797,-90.9789,13.08
2011/10,Geismer,30.1797,-90.9789,11.73
2011/11,Geismer,30.1797,-90.9789,7.822222222
2011/12,Geismer,30.1797,-90.9789,8.64
2011/1,Hammond,30.5044,-90.4615,7.03
2011/2,Hammond,30.5044,-90.4615,9.3375
2011/3,Hammond,30.5044,-90.4615,9.172727273
2011/4,Hammond,30.5044,-90.4615,8.81
2011/5,Hammond,30.5044,-90.4615,9.99
2011/6,Hammond,30.5044,-90.4615,11.76
2011/7,Hammond,30.5044,-90.4615,8.03
2011/8,Hammond,30.5044,-90.4615,13.14545455
2011/9,Hammond,30.5044,-90.4615,11.42
2011/10,Hammond,30.5044,-90.4615,9.71
2011/11,Hammond,30.5044,-90.4615,6.6
2011/12,Hammond,30.5044,-90.4615,6.96
2011/1,Houma,29.5958,-90.7195,6.99
2011/2,Houma,29.5958,-90.7195,8.177777778
2011/3,Houma,29.5958,-90.7195,8.854545455
2011/4,Houma,29.5958,-90.7195,9.12
2011/5,Houma,29.5958,-90.7195,9.081818182
2011/6,Houma,29.5958,-90.7195,10.83
2011/7,Houma,29.5958,-90.7195,6.71
2011/8,Houma,29.5958,-90.7195,10.71666667
2011/9,Houma,29.5958,-90.7195,10.56
2011/10,Houma,29.5958,-90.7195,9.85
2011/11,Houma,29.5958,-90.7195,6.68
2011/12,Houma,29.5958,-90.7195,6.15
2011/1,Kenner,30.0101,-90.2549,8.151612903
2011/2,Kenner,30.0101,-90.2549,9.021428571
2011/3,Kenner,30.0101,-90.2549,8.720689655
2011/4,Kenner,30.0101,-90.2549,8.746666667
2011/5,Kenner,30.0101,-90.2549,8.83
2011/6,Kenner,30.0101,-90.2549,12.04333333
2011/7,Kenner,30.0101,-90.2549,8.3
2011/8,Kenner,30.0101,-90.2549,12.69677419
2011/9,Kenner,30.0101,-90.2549,10.96785714
2011/10,Kenner,30.0101,-90.2549,9.067741935
2011/11,Kenner,30.0101,-90.2549,6.093333333
2011/12,Kenner,30.0101,-90.2549,7.364516129
2011/1,Lafayette,30.2033,-92.0295,7.14
2011/2,Lafayette,30.2033,-92.0295,7.611111111
2011/3,Lafayette,30.2033,-92.0295,8.536363636
2011/4,Lafayette,30.2033,-92.0295,9.33
2011/5,Lafayette,30.2033,-92.0295,8.52
2011/6,Lafayette,30.2033,-92.0295,12.03
2011/7,Lafayette,30.2033,-92.0295,6.72
2011/8,Lafayette,30.2033,-92.0295,11.3
2011/9,Lafayette,30.2033,-92.0295,9.761538462
2011/10,Lafayette,30.2033,-92.0295,10.97
2011/11,Lafayette,30.2033,-92.0295,8.03
2011/12,Lafayette,30.2033,-92.0295,7.825
2011/1,LakeCharles,30.195,-93.2333,6.86
2011/2,LakeCharles,30.195,-93.2333,7.466666667
2011/3,LakeCharles,30.195,-93.2333,10.42727273
2011/4,LakeCharles,30.195,-93.2333,8.8
2011/5,LakeCharles,30.195,-93.2333,8.82
2011/6,LakeCharles,30.195,-93.2333,12.15
2011/7,LakeCharles,30.195,-93.2333,7.927272727
2011/8,LakeCharles,30.195,-93.2333,9.690909091
2011/9,LakeCharles,30.195,-93.2333,11.22
2011/10,LakeCharles,30.195,-93.2333,9.21
2011/11,LakeCharles,30.195,-93.2333,6.68
2011/12,LakeCharles,30.195,-93.2333,6.84
2011/1,Marrero,29.8994,-90.1004,7.89
2011/2,Marrero,29.8994,-90.1004,9.344444444
2011/3,Marrero,29.8994,-90.1004,9.163636364
2011/4,Marrero,29.8994,-90.1004,8.79
2011/5,Marrero,29.8994,-90.1004,9.16
2011/6,Marrero,29.8994,-90.1004,12.9
2011/7,Marrero,29.8994,-90.1004,7.19
2011/8,Marrero,29.8994,-90.1004,12.88181818
2011/9,Marrero,29.8994,-90.1004,10.81
2011/10,Marrero,29.8994,-90.1004,9.01
2011/11,Marrero,29.8994,-90.1004,6.345454545
2011/12,Marrero,29.8994,-90.1004,6.93
2011/1,Monroe,32.5093,-92.1193,7.47
2011/2,Monroe,32.5093,-92.1193,8.255555556
2011/3,Monroe,32.5093,-92.1193,9.27
2011/4,Monroe,32.5093,-92.1193,8.09
2011/5,Monroe,32.5093,-92.1193,9.25
2011/6,Monroe,32.5093,-92.1193,13.33
2011/7,Monroe,32.5093,-92.1193,9.077777778
2011/8,Monroe,32.5093,-92.1193,12.15
2011/9,Monroe,32.5093,-92.1193,13.17
2011/10,Monroe,32.5093,-92.1193,8.755555556
2011/11,Monroe,32.5093,-92.1193,7.03
2011/12,Monroe,32.5093,-92.1193,6.3
2011/1,PortAllen,30.4474,-91.2082,9.825806452
2011/2,PortAllen,30.4474,-91.2082,9.911538462
2011/3,PortAllen,30.4474,-91.2082,10.23666667
2011/4,PortAllen,30.4474,-91.2082,10.95714286
2011/5,PortAllen,30.4474,-91.2082,11.88928571
2011/6,PortAllen,30.4474,-91.2082,12.89666667
2011/7,PortAllen,30.4474,-91.2082,10.64230769
2011/8,PortAllen,30.4474,-91.2082,14.39655172
2011/9,PortAllen,30.4474,-91.2082,13.31
2011/10,PortAllen,30.4474,-91.2082,11.7
2011/11,PortAllen,30.4474,-91.2082,8.856666667
2011/12,PortAllen,30.4474,-91.2082,9.003225806
2011/1,Shreveport,32.4465,-93.8256,8.76
2011/2,Shreveport,32.4465,-93.8256,10.26666667
2011/3,Shreveport,32.4465,-93.8256,12.93636364
2011/4,Shreveport,32.4465,-93.8256,14.17
2011/5,Shreveport,32.4465,-93.8256,14.81
2011/6,Shreveport,32.4465,-93.8256,14.3
2011/7,Shreveport,32.4465,-93.8256,12.1
2011/8,Shreveport,32.4465,-93.8256,13.9
2011/9,Shreveport,32.4465,-93.8256,13.375
2011/10,Shreveport,32.4465,-93.8256,10.61
2011/11,Shreveport,32.4465,-93.8256,9.32
2011/12,Shreveport,32.4465,-93.8256,10.36
2011/1,Vinton,30.1986,-93.5708,6.44
2011/2,Vinton,30.1986,-93.5708,6.477777778
2011/3,Vinton,30.1986,-93.5708,11.1
2011/4,Vinton,30.1986,-93.5708,11.54
2011/5,Vinton,30.1986,-93.5708,8.79
2011/6,Vinton,30.1986,-93.5708,12.02
2011/7,Vinton,30.1986,-93.5708,7.454545455
2011/8,Vinton,30.1986,-93.5708,9.281818182
2011/9,Vinton,30.1986,-93.5708,11.47272727
2011/10,Vinton,30.1986,-93.5708,10.47
2011/11,Vinton,30.1986,-93.5708,6
2011/12,Vinton,30.1986,-93.5708,6.39
2012/1,Alexandria,31.3113,-92.4451,6.845454545
2012/2,Alexandria,31.3113,-92.4451,4.911111111
2012/3,Alexandria,31.3113,-92.4451,7.490909091
2012/4,Alexandria,31.3113,-92.4451,6.744444444
2012/5,Alexandria,31.3113,-92.4451,11.60769231
2012/6,Alexandria,31.3113,-92.4451,10.96363636
2012/7,Alexandria,31.3113,-92.4451,8.463636364
2012/8,Alexandria,31.3113,-92.4451,8.6
2012/9,Alexandria,31.3113,-92.4451,9.58
2012/10,Alexandria,31.3113,-92.4451,8.82
2012/11,Alexandria,31.3113,-92.4451,9.96
2012/12,Alexandria,31.3113,-92.4451,4.133333333
2012/1,BatonRouge,30.4507,-91.1546,10.27
2012/2,BatonRouge,30.4507,-91.1546,8.027586207
2012/3,BatonRouge,30.4507,-91.1546,7.661290323
2012/4,BatonRouge,30.4507,-91.1546,8.842857143
2012/5,BatonRouge,30.4507,-91.1546,12.19032258
2012/6,BatonRouge,30.4507,-91.1546,11.1037037
2012/7,BatonRouge,30.4507,-91.1546,9.744827586
2012/8,BatonRouge,30.4507,-91.1546,9.933333333
2012/9,BatonRouge,30.4507,-91.1546,10.46923077
2012/10,BatonRouge,30.4507,-91.1546,10.01333333
2012/11,BatonRouge,30.4507,-91.1546,10.69655172
2012/12,BatonRouge,30.4507,-91.1546,8.139285714
2012/1,Chalmette,29.9336,-89.9636,13.3
2012/2,Chalmette,29.9336,-89.9636,7.82
2012/3,Chalmette,29.9336,-89.9636,7.56
2012/4,Chalmette,29.9336,-89.9636,13.2
2012/5,Chalmette,29.9336,-89.9636,13.8
2012/6,Chalmette,29.9336,-89.9636,10.28
2012/7,Chalmette,29.9336,-89.9636,7.82
2012/8,Chalmette,29.9336,-89.9636,8.14
2012/9,Chalmette,29.9336,-89.9636,11.04
2012/10,Chalmette,29.9336,-89.9636,9.66
2012/11,Chalmette,29.9336,-89.9636,9.833333333
2012/12,Chalmette,29.9336,-89.9636,13.83333333
2012/1,Geismer,30.1797,-90.9789,8.327272727
2012/2,Geismer,30.1797,-90.9789,8.733333333
2012/3,Geismer,30.1797,-90.9789,7.281818182
2012/4,Geismer,30.1797,-90.9789,10.69
2012/5,Geismer,30.1797,-90.9789,12.46
2012/6,Geismer,30.1797,-90.9789,11.27
2012/7,Geismer,30.1797,-90.9789,7.5
2012/8,Geismer,30.1797,-90.9789,8.527272727
2012/9,Geismer,30.1797,-90.9789,9.48
2012/10,Geismer,30.1797,-90.9789,10.12
2012/11,Geismer,30.1797,-90.9789,10.9
2012/12,Geismer,30.1797,-90.9789,6.99
2012/1,Hammond,30.5044,-90.4615,7.754545455
2012/2,Hammond,30.5044,-90.4615,6.544444444
2012/3,Hammond,30.5044,-90.4615,6.3375
2012/4,Hammond,30.5044,-90.4615,9.828571429
2012/5,Hammond,30.5044,-90.4615,11.68
2012/6,Hammond,30.5044,-90.4615,10.46666667
2012/7,Hammond,30.5044,-90.4615,8.777777778
2012/8,Hammond,30.5044,-90.4615,8.02
2012/9,Hammond,30.5044,-90.4615,10.06
2012/10,Hammond,30.5044,-90.4615,8.86
2012/11,Hammond,30.5044,-90.4615,9.414285714
2012/12,Hammond,30.5044,-90.4615,6.55
2012/1,Houma,29.5958,-90.7195,7.290909091
2012/2,Houma,29.5958,-90.7195,7.333333333
2012/3,Houma,29.5958,-90.7195,5.718181818
2012/4,Houma,29.5958,-90.7195,8.26
2012/5,Houma,29.5958,-90.7195,10.98
2012/6,Houma,29.5958,-90.7195,8.13
2012/7,Houma,29.5958,-90.7195,6.9
2012/8,Houma,29.5958,-90.7195,6.522222222
2012/9,Houma,29.5958,-90.7195,8.34
2012/10,Houma,29.5958,-90.7195,8.5
2012/11,Houma,29.5958,-90.7195,8.357142857
2012/12,Houma,29.5958,-90.7195,6.466666667
2012/1,Kenner,30.0101,-90.2549,7.770967742
2012/2,Kenner,30.0101,-90.2549,6.686206897
2012/3,Kenner,30.0101,-90.2549,6.851612903
2012/4,Kenner,30.0101,-90.2549,9.253846154
2012/5,Kenner,30.0101,-90.2549,11.44516129
2012/6,Kenner,30.0101,-90.2549,8.6
2012/7,Kenner,30.0101,-90.2549,8.24516129
2012/8,Kenner,30.0101,-90.2549,7.957692308
2012/9,Kenner,30.0101,-90.2549,10.00357143
2012/10,Kenner,30.0101,-90.2549,7.25
2012/11,Kenner,30.0101,-90.2549,9.448148148
2012/12,Kenner,30.0101,-90.2549,6.426666667
2012/1,Lafayette,30.2033,-92.0295,7.8
2012/2,Lafayette,30.2033,-92.0295,6.611111111
2012/3,Lafayette,30.2033,-92.0295,7.025
2012/4,Lafayette,30.2033,-92.0295,8.28
2012/5,Lafayette,30.2033,-92.0295,11
2012/6,Lafayette,30.2033,-92.0295,10.46
2012/7,Lafayette,30.2033,-92.0295,9.48
2012/8,Lafayette,30.2033,-92.0295,8.8
2012/9,Lafayette,30.2033,-92.0295,9.54
2012/10,Lafayette,30.2033,-92.0295,8.53
2012/11,Lafayette,30.2033,-92.0295,8.94
2012/12,Lafayette,30.2033,-92.0295,5.625
2012/1,LakeCharles,30.195,-93.2333,7.8
2012/2,LakeCharles,30.195,-93.2333,6.611111111
2012/3,LakeCharles,30.195,-93.2333,7.025
2012/4,LakeCharles,30.195,-93.2333,8.28
2012/5,LakeCharles,30.195,-93.2333,11
2012/6,LakeCharles,30.195,-93.2333,10.46
2012/7,LakeCharles,30.195,-93.2333,9.48
2012/8,LakeCharles,30.195,-93.2333,8.8
2012/9,LakeCharles,30.195,-93.2333,9.54
2012/10,LakeCharles,30.195,-93.2333,8.53
2012/11,LakeCharles,30.195,-93.2333,8.94
2012/12,LakeCharles,30.195,-93.2333,5.625
2012/1,Marrero,29.8994,-90.1004,9.581818182
2012/2,Marrero,29.8994,-90.1004,6.677777778
2012/3,Marrero,29.8994,-90.1004,7.072727273
2012/4,Marrero,29.8994,-90.1004,8.12
2012/5,Marrero,29.8994,-90.1004,11.66
2012/6,Marrero,29.8994,-90.1004,9.12
2012/7,Marrero,29.8994,-90.1004,8.82
2012/8,Marrero,29.8994,-90.1004,7.6875
2012/9,Marrero,29.8994,-90.1004,10.37857143
2012/10,Marrero,29.8994,-90.1004,9.3
2012/11,Marrero,29.8994,-90.1004,12.46
2012/12,Marrero,29.8994,-90.1004,5.97
2012/1,Monroe,32.5093,-92.1193,9.672727273
2012/2,Monroe,32.5093,-92.1193,5.575
2012/3,Monroe,32.5093,-92.1193,7.1
2012/4,Monroe,32.5093,-92.1193,7.688888889
2012/5,Monroe,32.5093,-92.1193,14.5
2012/6,Monroe,32.5093,-92.1193,11.58461538
2012/7,Monroe,32.5093,-92.1193,9.16
2012/8,Monroe,32.5093,-92.1193,10.93636364
2012/9,Monroe,32.5093,-92.1193,8.91
2012/10,Monroe,32.5093,-92.1193,8.63
2012/11,Monroe,32.5093,-92.1193,9.74
2012/12,Monroe,32.5093,-92.1193,6.4
2012/1,PortAllen,30.4474,-91.2082,9.764
2012/2,PortAllen,30.4474,-91.2082,8.2
2012/3,PortAllen,30.4474,-91.2082,9.07826087
2012/4,PortAllen,30.4474,-91.2082,9.435714286
2012/5,PortAllen,30.4474,-91.2082,12.4037037
2012/6,PortAllen,30.4474,-91.2082,10.75517241
2012/7,PortAllen,30.4474,-91.2082,9.322580645
2012/8,PortAllen,30.4474,-91.2082,9.9
2012/9,PortAllen,30.4474,-91.2082,10.72380952
2012/10,PortAllen,30.4474,-91.2082,10.46785714
2012/11,PortAllen,30.4474,-91.2082,10.04482759
2012/12,PortAllen,30.4474,-91.2082,8.15
2012/1,Shreveport,32.4465,-93.8256,11.92727273
2012/2,Shreveport,32.4465,-93.8256,8.177777778
2012/3,Shreveport,32.4465,-93.8256,11.60909091
2012/4,Shreveport,32.4465,-93.8256,10.61
2012/5,Shreveport,32.4465,-93.8256,15.51
2012/6,Shreveport,32.4465,-93.8256,16.44
2012/7,Shreveport,32.4465,-93.8256,11.2125
2012/8,Shreveport,32.4465,-93.8256,13.06
2012/9,Shreveport,32.4465,-93.8256,10.41111111
2012/10,Shreveport,32.4465,-93.8256,10.8875
2012/11,Shreveport,32.4465,-93.8256,12.62
2012/12,Shreveport,32.4465,-93.8256,9.56
2012/1,Vinton,30.1986,-93.5708,5.963636364
2012/2,Vinton,30.1986,-93.5708,6.344444444
2012/3,Vinton,30.1986,-93.5708,6.016666667
2012/4,Vinton,30.1986,-93.5708,8.666666667
2012/5,Vinton,30.1986,-93.5708,10.84545455
2012/6,Vinton,30.1986,-93.5708,10.67
2012/7,Vinton,30.1986,-93.5708,9.55
2012/8,Vinton,30.1986,-93.5708,7.85
2012/9,Vinton,30.1986,-93.5708,7.881818182
2012/10,Vinton,30.1986,-93.5708,7.4875
2012/11,Vinton,30.1986,-93.5708,7.75
2012/12,Vinton,30.1986,-93.5708,7.27
2013/1,Alexandria,31.3113,-92.4451,5.372727273
2013/2,Alexandria,31.3113,-92.4451,7.111111111
2013/3,Alexandria,31.3113,-92.4451,7.27
2013/4,Alexandria,31.3113,-92.4451,6.57
2013/5,Alexandria,31.3113,-92.4451,6.672727273
2013/6,Alexandria,31.3113,-92.4451,7.516666667
2013/7,Alexandria,31.3113,-92.4451,7.588888889
2013/8,Alexandria,31.3113,-92.4451,9.025
2013/9,Alexandria,31.3113,-92.4451,10.64
2013/10,Alexandria,31.3113,-92.4451,6.054545455
2013/11,Alexandria,31.3113,-92.4451,6.816666667
2013/12,Alexandria,31.3113,-92.4451,6.67
2013/1,BatonRouge,30.4507,-91.1546,7.032258065
2013/2,BatonRouge,30.4507,-91.1546,7.375
2013/3,BatonRouge,30.4507,-91.1546,9.374193548
2013/4,BatonRouge,30.4507,-91.1546,6.851724138
2013/5,BatonRouge,30.4507,-91.1546,6.97
2013/6,BatonRouge,30.4507,-91.1546,8.64
2013/7,BatonRouge,30.4507,-91.1546,8.527272727
2013/8,BatonRouge,30.4507,-91.1546,9.783870968
2013/9,BatonRouge,30.4507,-91.1546,10.04666667
2013/10,BatonRouge,30.4507,-91.1546,8.514814815
2013/11,BatonRouge,30.4507,-91.1546,7.76
2013/12,BatonRouge,30.4507,-91.1546,9.793333333
2013/1,BayouPlaquemine,30.287,-91.2423,8.427272727
2013/2,BayouPlaquemine,30.287,-91.2423,7.1
2013/3,BayouPlaquemine,30.287,-91.2423,9.01
2013/4,BayouPlaquemine,30.287,-91.2423,6.24
2013/5,BayouPlaquemine,30.287,-91.2423,6.427272727
2013/6,BayouPlaquemine,30.287,-91.2423,7.42
2013/7,BayouPlaquemine,30.287,-91.2423,7.55
2013/8,BayouPlaquemine,30.287,-91.2423,7.133333333
2013/9,BayouPlaquemine,30.287,-91.2423,8.5375
2013/10,BayouPlaquemine,30.287,-91.2423,8.036363636
2013/11,BayouPlaquemine,30.287,-91.2423,9.36
2013/12,BayouPlaquemine,30.287,-91.2423,5.7625
2013/1,Chalmette,29.9336,-89.9636,9.15
2013/2,Chalmette,29.9336,-89.9636,7.86
2013/3,Chalmette,29.9336,-89.9636,9.42
2013/4,Chalmette,29.9336,-89.9636,7.64
2013/5,Chalmette,29.9336,-89.9636,6.56
2013/6,Chalmette,29.9336,-89.9636,8.56
2013/7,Chalmette,29.9336,-89.9636,6.26
2013/8,Chalmette,29.9336,-89.9636,8.62
2013/9,Chalmette,29.9336,-89.9636,9
2013/10,Chalmette,29.9336,-89.9636,5.783333333
2013/11,Chalmette,29.9336,-89.9636,7.14
2013/12,Chalmette,29.9336,-89.9636,8.68
2013/1,Geismer,30.1797,-90.9789,7.127272727
2013/2,Geismer,30.1797,-90.9789,8.428571429
2013/3,Geismer,30.1797,-90.9789,9.053846154
2013/4,Geismer,30.1797,-90.9789,7.26
2013/5,Geismer,30.1797,-90.9789,6.790909091
2013/6,Geismer,30.1797,-90.9789,8.74
2013/7,Geismer,30.1797,-90.9789,8.94
2013/8,Geismer,30.1797,-90.9789,9.61
2013/9,Geismer,30.1797,-90.9789,10.35
2013/10,Geismer,30.1797,-90.9789,8.281818182
2013/11,Geismer,30.1797,-90.9789,10.28
2013/12,Geismer,30.1797,-90.9789,10.8
2013/1,Hammond,30.5044,-90.4615,6.816666667
2013/2,Hammond,30.5044,-90.4615,5.422222222
2013/3,Hammond,30.5044,-90.4615,10.18
2013/4,Hammond,30.5044,-90.4615,5.58
2013/5,Hammond,30.5044,-90.4615,5.418181818
2013/6,Hammond,30.5044,-90.4615,7.55
2013/7,Hammond,30.5044,-90.4615,7.444444444
2013/8,Hammond,30.5044,-90.4615,8.31
2013/9,Hammond,30.5044,-90.4615,10.01111111
2013/10,Hammond,30.5044,-90.4615,6.718181818
2013/11,Hammond,30.5044,-90.4615,8.85
2013/12,Hammond,30.5044,-90.4615,6.8125
2013/1,Houma,29.5958,-90.7195,6.733333333
2013/2,Houma,29.5958,-90.7195,6.38
2013/3,Houma,29.5958,-90.7195,8.94
2013/4,Houma,29.5958,-90.7195,6
2013/5,Houma,29.5958,-90.7195,5.845454545
2013/6,Houma,29.5958,-90.7195,6.89
2013/7,Houma,29.5958,-90.7195,7.2
2013/8,Houma,29.5958,-90.7195,7.49
2013/9,Houma,29.5958,-90.7195,7.21
2013/10,Houma,29.5958,-90.7195,6.463636364
2013/11,Houma,29.5958,-90.7195,7.93
2013/12,Houma,29.5958,-90.7195,8.6
2013/1,Kenner,30.0101,-90.2549,8.110526316
2013/2,Kenner,30.0101,-90.2549,6.203571429
2013/3,Kenner,30.0101,-90.2549,8.303333333
2013/4,Kenner,30.0101,-90.2549,6.37
2013/5,Kenner,30.0101,-90.2549,6.648387097
2013/6,Kenner,30.0101,-90.2549,8.05
2013/7,Kenner,30.0101,-90.2549,7.473333333
2013/8,Kenner,30.0101,-90.2549,8.2
2013/9,Kenner,30.0101,-90.2549,7.436666667
2013/10,Kenner,30.0101,-90.2549,6.953846154
2013/11,Kenner,30.0101,-90.2549,5.615384615
2013/12,Kenner,30.0101,-90.2549,7.496153846
2013/1,Lafayette,30.2033,-92.0295,6.181818182
2013/2,Lafayette,30.2033,-92.0295,8.5875
2013/3,Lafayette,30.2033,-92.0295,7.15
2013/4,Lafayette,30.2033,-92.0295,6.58
2013/5,Lafayette,30.2033,-92.0295,6.290909091
2013/6,Lafayette,30.2033,-92.0295,7.81
2013/7,Lafayette,30.2033,-92.0295,7.46
2013/8,Lafayette,30.2033,-92.0295,9.36
2013/9,Lafayette,30.2033,-92.0295,9.41
2013/10,Lafayette,30.2033,-92.0295,8.454545455
2013/11,Lafayette,30.2033,-92.0295,9.31
2013/12,Lafayette,30.2033,-92.0295,8.366666667
2013/1,LakeCharles,30.195,-93.2333,6.54
2013/2,LakeCharles,30.195,-93.2333,8.0625
2013/3,LakeCharles,30.195,-93.2333,7.29
2013/4,LakeCharles,30.195,-93.2333,6.79
2013/5,LakeCharles,30.195,-93.2333,7.509090909
2013/6,LakeCharles,30.195,-93.2333,9.36
2013/7,LakeCharles,30.195,-93.2333,8.46
2013/8,LakeCharles,30.195,-93.2333,9.54
2013/9,LakeCharles,30.195,-93.2333,8.690909091
2013/10,LakeCharles,30.195,-93.2333,8.2
2013/11,LakeCharles,30.195,-93.2333,6.9
2013/12,LakeCharles,30.195,-93.2333,8.3
2013/1,Marrero,29.8994,-90.1004,9.385714286
2013/2,Marrero,29.8994,-90.1004,7.844444444
2013/3,Marrero,29.8994,-90.1004,9.35
2013/4,Marrero,29.8994,-90.1004,6.37
2013/5,Marrero,29.8994,-90.1004,6.809090909
2013/6,Marrero,29.8994,-90.1004,8.36
2013/7,Marrero,29.8994,-90.1004,7.77
2013/8,Marrero,29.8994,-90.1004,8.58
2013/9,Marrero,29.8994,-90.1004,8.33
2013/10,Marrero,29.8994,-90.1004,6.781818182
2013/11,Marrero,29.8994,-90.1004,7.84
2013/12,Marrero,29.8994,-90.1004,7.31
2013/1,Monroe,32.5093,-92.1193,5.485714286
2013/2,Monroe,32.5093,-92.1193,5.545454545
2013/3,Monroe,32.5093,-92.1193,7.9
2013/4,Monroe,32.5093,-92.1193,6.09
2013/5,Monroe,32.5093,-92.1193,6.727272727
2013/6,Monroe,32.5093,-92.1193,8.91
2013/7,Monroe,32.5093,-92.1193,9.36
2013/8,Monroe,32.5093,-92.1193,13.29
2013/9,Monroe,32.5093,-92.1193,13.6875
2013/10,Monroe,32.5093,-92.1193,6.245454545
2013/11,Monroe,32.5093,-92.1193,6.022222222
2013/12,Monroe,32.5093,-92.1193,8.390909091
2013/1,PortAllen,30.4474,-91.2082,7.123333333
2013/2,PortAllen,30.4474,-91.2082,8.096296296
2013/3,PortAllen,30.4474,-91.2082,9.448
2013/4,PortAllen,30.4474,-91.2082,7.673333333
2013/5,PortAllen,30.4474,-91.2082,7.956666667
2013/6,PortAllen,30.4474,-91.2082,9.78
2013/7,PortAllen,30.4474,-91.2082,9.451612903
2013/8,PortAllen,30.4474,-91.2082,10.27741935
2013/9,PortAllen,30.4474,-91.2082,10.44333333
2013/10,PortAllen,30.4474,-91.2082,8.848387097
2013/11,PortAllen,30.4474,-91.2082,7.162068966
2013/12,PortAllen,30.4474,-91.2082,9.435483871
2013/1,Shreveport,32.4465,-93.8256,8.311111111
2013/2,Shreveport,32.4465,-93.8256,9.03
2013/3,Shreveport,32.4465,-93.8256,9.154545455
2013/4,Shreveport,32.4465,-93.8256,10.67
2013/5,Shreveport,32.4465,-93.8256,10.31
2013/6,Shreveport,32.4465,-93.8256,11.14444444
2013/7,Shreveport,32.4465,-93.8256,12.42222222
2013/8,Shreveport,32.4465,-93.8256,13.86
2013/9,Shreveport,32.4465,-93.8256,14.69
2013/10,Shreveport,32.4465,-93.8256,7.445454545
2013/11,Shreveport,32.4465,-93.8256,11.56666667
2013/12,Shreveport,32.4465,-93.8256,11.16363636
2013/1,Vinton,30.1986,-93.5708,4.890909091
2013/2,Vinton,30.1986,-93.5708,6.74
2013/3,Vinton,30.1986,-93.5708,7.06
2013/4,Vinton,30.1986,-93.5708,6.76
2013/5,Vinton,30.1986,-93.5708,6.9
2013/6,Vinton,30.1986,-93.5708,8.03
2013/7,Vinton,30.1986,-93.5708,8.36
2013/8,Vinton,30.1986,-93.5708,9.82
2013/9,Vinton,30.1986,-93.5708,9.67
2013/10,Vinton,30.1986,-93.5708,6.709090909
2013/11,Vinton,30.1986,-93.5708,7.01
2013/12,Vinton,30.1986,-93.5708,7.181818182
2014/1,Alexandria,31.3113,-92.4451,5.72
2014/2,Alexandria,31.3113,-92.4451,9.741666667
2014/3,Alexandria,31.3113,-92.4451,6.79
2014/4,Alexandria,31.3113,-92.4451,8.02
2014/5,Alexandria,31.3113,-92.4451,6.44
2014/6,Alexandria,31.3113,-92.4451,7.644444444
2014/7,Alexandria,31.3113,-92.4451,9.930769231
2014/8,Alexandria,31.3113,-92.4451,8.245454545
2014/9,Alexandria,31.3113,-92.4451,7.045454545
2014/10,Alexandria,31.3113,-92.4451,5.516666667
2014/11,Alexandria,31.3113,-92.4451,6.753846154
2014/12,Alexandria,31.3113,-92.4451,8.18
2014/1,BatonRouge,30.4507,-91.1546,7.517241379
2014/2,BatonRouge,30.4507,-91.1546,7.996428571
2014/3,BatonRouge,30.4507,-91.1546,8.176666667
2014/4,BatonRouge,30.4507,-91.1546,8.52
2014/5,BatonRouge,30.4507,-91.1546,8.516666667
2014/6,BatonRouge,30.4507,-91.1546,7.986666667
2014/7,BatonRouge,30.4507,-91.1546,10.4
2014/8,BatonRouge,30.4507,-91.1546,10.73225806
2014/9,BatonRouge,30.4507,-91.1546,8.722727273
2014/10,BatonRouge,30.4507,-91.1546,8.373333333
2014/11,BatonRouge,30.4507,-91.1546,8.263333333
2014/12,BatonRouge,30.4507,-91.1546,9.129032258
2014/1,BayouPlaquemine,30.287,-91.2423,6.781818182
2014/2,BayouPlaquemine,30.287,-91.2423,8.377777778
2014/3,BayouPlaquemine,30.287,-91.2423,7.618181818
2014/4,BayouPlaquemine,30.287,-91.2423,8.16
2014/5,BayouPlaquemine,30.287,-91.2423,6.14
2014/6,BayouPlaquemine,30.287,-91.2423,5.63
2014/7,BayouPlaquemine,30.287,-91.2423,9.327272727
2014/8,BayouPlaquemine,30.287,-91.2423,8.37
2014/9,BayouPlaquemine,30.287,-91.2423,7.59
2014/10,BayouPlaquemine,30.287,-91.2423,6.86
2014/11,BayouPlaquemine,30.287,-91.2423,8.244444444
2014/12,BayouPlaquemine,30.287,-91.2423,9.86
2014/1,Chalmette,29.9336,-89.9636,6.7
2014/2,Chalmette,29.9336,-89.9636,9.585714286
2014/3,Chalmette,29.9336,-89.9636,8.34
2014/4,Chalmette,29.9336,-89.9636,10.62
2014/5,Chalmette,29.9336,-89.9636,10.24
2014/6,Chalmette,29.9336,-89.9636,11.46
2014/7,Chalmette,29.9336,-89.9636,13
2014/8,Chalmette,29.9336,-89.9636,11.35
2014/9,Chalmette,29.9336,-89.9636,10.85
2014/10,Chalmette,29.9336,-89.9636,8.75
2014/11,Chalmette,29.9336,-89.9636,5.2
2014/12,Chalmette,29.9336,-89.9636,11.32
2014/1,Geismer,30.1797,-90.9789,8.15
2014/2,Geismer,30.1797,-90.9789,12.1
2014/3,Geismer,30.1797,-90.9789,9.12
2014/4,Geismer,30.1797,-90.9789,9.27
2014/5,Geismer,30.1797,-90.9789,7.5
2014/6,Geismer,30.1797,-90.9789,6.64
2014/7,Geismer,30.1797,-90.9789,10.32727273
2014/8,Geismer,30.1797,-90.9789,10.92727273
2014/9,Geismer,30.1797,-90.9789,8.054545455
2014/10,Geismer,30.1797,-90.9789,8.077777778
2014/11,Geismer,30.1797,-90.9789,6.9625
2014/12,Geismer,30.1797,-90.9789,11.69230769
2014/1,Hammond,30.5044,-90.4615,7.814285714
2014/2,Hammond,30.5044,-90.4615,7.766666667
2014/3,Hammond,30.5044,-90.4615,8.716666667
2014/4,Hammond,30.5044,-90.4615,8.32
2014/5,Hammond,30.5044,-90.4615,7.58
2014/6,Hammond,30.5044,-90.4615,6.65
2014/7,Hammond,30.5044,-90.4615,11.11818182
2014/8,Hammond,30.5044,-90.4615,9.633333333
2014/9,Hammond,30.5044,-90.4615,7.69
2014/10,Hammond,30.5044,-90.4615,6.78
2014/11,Hammond,30.5044,-90.4615,6.56
2014/12,Hammond,30.5044,-90.4615,7.718181818
2014/1,Houma,29.5958,-90.7195,6.471428571
2014/2,Houma,29.5958,-90.7195,7.883333333
2014/3,Houma,29.5958,-90.7195,7.67
2014/4,Houma,29.5958,-90.7195,7.71
2014/5,Houma,29.5958,-90.7195,6.35
2014/6,Houma,29.5958,-90.7195,5.16
2014/7,Houma,29.5958,-90.7195,9.772727273
2014/8,Houma,29.5958,-90.7195,7.6
2014/9,Houma,29.5958,-90.7195,6.51
2014/10,Houma,29.5958,-90.7195,6.95
2014/11,Houma,29.5958,-90.7195,7.86
2014/12,Houma,29.5958,-90.7195,9.490909091
2014/1,Kenner,30.0101,-90.2549,7.991666667
2014/2,Kenner,30.0101,-90.2549,7.832142857
2014/3,Kenner,30.0101,-90.2549,7.048387097
2014/4,Kenner,30.0101,-90.2549,7.03
2014/5,Kenner,30.0101,-90.2549,7.137931034
2014/6,Kenner,30.0101,-90.2549,7.47
2014/7,Kenner,30.0101,-90.2549,9.625806452
2014/8,Kenner,30.0101,-90.2549,10.78571429
2014/9,Kenner,30.0101,-90.2549,7.226923077
2014/10,Kenner,30.0101,-90.2549,7.090322581
2014/11,Kenner,30.0101,-90.2549,6.486666667
2014/12,Kenner,30.0101,-90.2549,7.425806452
2014/1,Lafayette,30.2033,-92.0295,7.277777778
2014/2,Lafayette,30.2033,-92.0295,9.16
2014/3,Lafayette,30.2033,-92.0295,7.94
2014/4,Lafayette,30.2033,-92.0295,9.14
2014/5,Lafayette,30.2033,-92.0295,6.68
2014/6,Lafayette,30.2033,-92.0295,6.3
2014/7,Lafayette,30.2033,-92.0295,9.454545455
2014/8,Lafayette,30.2033,-92.0295,8.66
2014/9,Lafayette,30.2033,-92.0295,7.1
2014/10,Lafayette,30.2033,-92.0295,6.790909091
2014/11,Lafayette,30.2033,-92.0295,8.43
2014/12,Lafayette,30.2033,-92.0295,9
2014/1,LakeCharles,30.195,-93.2333,6.37
2014/2,LakeCharles,30.195,-93.2333,7.525
2014/3,LakeCharles,30.195,-93.2333,6.416666667
2014/4,LakeCharles,30.195,-93.2333,8.47
2014/5,LakeCharles,30.195,-93.2333,6.97
2014/6,LakeCharles,30.195,-93.2333,6.99
2014/7,LakeCharles,30.195,-93.2333,10.97272727
2014/8,LakeCharles,30.195,-93.2333,8.22
2014/9,LakeCharles,30.195,-93.2333,6.73
2014/10,LakeCharles,30.195,-93.2333,6.62
2014/11,LakeCharles,30.195,-93.2333,5.766666667
2014/12,LakeCharles,30.195,-93.2333,7.35
2014/1,Marrero,29.8994,-90.1004,8.5
2014/2,Marrero,29.8994,-90.1004,6.641666667
2014/3,Marrero,29.8994,-90.1004,7.227272727
2014/4,Marrero,29.8994,-90.1004,7.86
2014/5,Marrero,29.8994,-90.1004,6.94
2014/6,Marrero,29.8994,-90.1004,6.04
2014/7,Marrero,29.8994,-90.1004,10.89090909
2014/8,Marrero,29.8994,-90.1004,9.84
2014/9,Marrero,29.8994,-90.1004,7.28
2014/10,Marrero,29.8994,-90.1004,7.73
2014/11,Marrero,29.8994,-90.1004,6.77
2014/12,Marrero,29.8994,-90.1004,8.118181818
2014/1,Monroe,32.5093,-92.1193,6.533333333
2014/2,Monroe,32.5093,-92.1193,7.478571429
2014/3,Monroe,32.5093,-92.1193,8.25
2014/4,Monroe,32.5093,-92.1193,5.333333333
2014/5,Monroe,32.5093,-92.1193,7.488888889
2014/6,Monroe,32.5093,-92.1193,7.609090909
2014/7,Monroe,32.5093,-92.1193,9.763636364
2014/8,Monroe,32.5093,-92.1193,9.22
2014/9,Monroe,32.5093,-92.1193,8.1
2014/10,Monroe,32.5093,-92.1193,6.314285714
2014/11,Monroe,32.5093,-92.1193,6.8375
2014/12,Monroe,32.5093,-92.1193,6.858333333
2014/1,PortAllen,30.4474,-91.2082,7.348
2014/2,PortAllen,30.4474,-91.2082,8.557142857
2014/3,PortAllen,30.4474,-91.2082,8.832258065
2014/4,PortAllen,30.4474,-91.2082,9.003333333
2014/5,PortAllen,30.4474,-91.2082,8.14516129
2014/6,PortAllen,30.4474,-91.2082,8.451724138
2014/7,PortAllen,30.4474,-91.2082,11.612
2014/8,PortAllen,30.4474,-91.2082,11.69677419
2014/9,PortAllen,30.4474,-91.2082,8.573333333
2014/10,PortAllen,30.4474,-91.2082,8.425
2014/11,PortAllen,30.4474,-91.2082,7.968965517
2014/12,PortAllen,30.4474,-91.2082,8.761290323
2014/1,Shreveport,32.4465,-93.8256,7.3
2014/2,Shreveport,32.4465,-93.8256,11.71111111
2014/3,Shreveport,32.4465,-93.8256,11.52941176
2014/4,Shreveport,32.4465,-93.8256,9.7425
2014/5,Shreveport,32.4465,-93.8256,8.73
2014/6,Shreveport,32.4465,-93.8256,10.01
2014/7,Shreveport,32.4465,-93.8256,12.11
2014/8,Shreveport,32.4465,-93.8256,10.6
2014/9,Shreveport,32.4465,-93.8256,9.6
2014/10,Shreveport,32.4465,-93.8256,9.114285714
2014/11,Shreveport,32.4465,-93.8256,8.6375
2014/12,Shreveport,32.4465,-93.8256,9.8
2014/1,Vinton,30.1986,-93.5708,5.56
2014/2,Vinton,30.1986,-93.5708,5.8
2014/3,Vinton,30.1986,-93.5708,6.458333333
2014/4,Vinton,30.1986,-93.5708,8.62
2014/5,Vinton,30.1986,-93.5708,5.77
2014/6,Vinton,30.1986,-93.5708,6.72
2014/7,Vinton,30.1986,-93.5708,10.13636364
2014/8,Vinton,30.1986,-93.5708,8.86
2014/9,Vinton,30.1986,-93.5708,6.8
2014/10,Vinton,30.1986,-93.5708,5.64
2014/11,Vinton,30.1986,-93.5708,5.84
2014/12,Vinton,30.1986,-93.5708,6.254545455
2015/1,Alexandria,31.3113,-92.4451,5.309090909
2015/2,Alexandria,31.3113,-92.4451,7.822222222
2015/3,Alexandria,31.3113,-92.4451,6.163636364
2015/4,Alexandria,31.3113,-92.4451,7.03
2015/5,Alexandria,31.3113,-92.4451,5.68
2015/6,Alexandria,31.3113,-92.4451,8.02
2015/7,Alexandria,31.3113,-92.4451,9.2
2015/8,Alexandria,31.3113,-92.4451,9.281818182
2015/9,Alexandria,31.3113,-92.4451,8.233333333
2015/10,Alexandria,31.3113,-92.4451,9.03
2015/11,Alexandria,31.3113,-92.4451,3.9625
2015/12,Alexandria,31.3113,-92.4451,5.777777778
2015/1,BatonRouge,30.4507,-91.1546,9.338709677
2015/2,BatonRouge,30.4507,-91.1546,9.828571429
2015/3,BatonRouge,30.4507,-91.1546,7.633333333
2015/4,BatonRouge,30.4507,-91.1546,7.054545455
2015/5,BatonRouge,30.4507,-91.1546,7.623333333
2015/6,BatonRouge,30.4507,-91.1546,9.185185185
2015/7,BatonRouge,30.4507,-91.1546,9.151612903
2015/8,BatonRouge,30.4507,-91.1546,11.1516129
2015/9,BatonRouge,30.4507,-91.1546,9.126666667
2015/10,BatonRouge,30.4507,-91.1546,11.43809524
2015/11,BatonRouge,30.4507,-91.1546,7.220833333
2015/12,BatonRouge,30.4507,-91.1546,8
2015/1,BayouPlaquemine,30.287,-91.2423,7.614285714
2015/2,BayouPlaquemine,30.287,-91.2423,8.2816
2015/3,BayouPlaquemine,30.287,-91.2423,8.2816
2015/4,BayouPlaquemine,30.287,-91.2423,8.2816
2015/5,BayouPlaquemine,30.287,-91.2423,8.2816
2015/6,BayouPlaquemine,30.287,-91.2423,8.2816
2015/7,BayouPlaquemine,30.287,-91.2423,8.2816
2015/8,BayouPlaquemine,30.287,-91.2423,8.2816
2015/9,BayouPlaquemine,30.287,-91.2423,8.2816
2015/10,BayouPlaquemine,30.287,-91.2423,8.2816
2015/11,BayouPlaquemine,30.287,-91.2423,8.2816
2015/12,BayouPlaquemine,30.287,-91.2423,8.2816
2015/1,Chalmette,29.9336,-89.9636,9.7
2015/2,Chalmette,29.9336,-89.9636,11.425
2015/3,Chalmette,29.9336,-89.9636,7.525
2015/4,Chalmette,29.9336,-89.9636,9.366666667
2015/5,Chalmette,29.9336,-89.9636,10.64
2015/6,Chalmette,29.9336,-89.9636,15.1
2015/7,Chalmette,29.9336,-89.9636,10.6
2015/8,Chalmette,29.9336,-89.9636,9.22
2015/9,Chalmette,29.9336,-89.9636,6
2015/10,Chalmette,29.9336,-89.9636,9.28
2015/11,Chalmette,29.9336,-89.9636,4.88
2015/12,Chalmette,29.9336,-89.9636,7.3
2015/1,Geismer,30.1797,-90.9789,9.0875
2015/2,Geismer,30.1797,-90.9789,11.35
2015/3,Geismer,30.1797,-90.9789,6.653846154
2015/4,Geismer,30.1797,-90.9789,7.654545455
2015/5,Geismer,30.1797,-90.9789,6.9
2015/6,Geismer,30.1797,-90.9789,9.822222222
2015/7,Geismer,30.1797,-90.9789,8.833333333
2015/8,Geismer,30.1797,-90.9789,8.763636364
2015/9,Geismer,30.1797,-90.9789,7.74
2015/10,Geismer,30.1797,-90.9789,8.53
2015/11,Geismer,30.1797,-90.9789,5.43
2015/12,Geismer,30.1797,-90.9789,7.688888889
2015/1,Hammond,30.5044,-90.4615,8.011111111
2015/2,Hammond,30.5044,-90.4615,8.6
2015/3,Hammond,30.5044,-90.4615,6.763636364
2015/4,Hammond,30.5044,-90.4615,6.555555556
2015/5,Hammond,30.5044,-90.4615,6.23
2015/6,Hammond,30.5044,-90.4615,8.1
2015/7,Hammond,30.5044,-90.4615,9.09
2015/8,Hammond,30.5044,-90.4615,8.681818182
2015/9,Hammond,30.5044,-90.4615,7.01
2015/10,Hammond,30.5044,-90.4615,9.8
2015/11,Hammond,30.5044,-90.4615,4.566666667
2015/12,Hammond,30.5044,-90.4615,5.25
2015/1,Houma,29.5958,-90.7195,7.436363636
2015/2,Houma,29.5958,-90.7195,8.077777778
2015/3,Houma,29.5958,-90.7195,5.863636364
2015/4,Houma,29.5958,-90.7195,5.54
2015/5,Houma,29.5958,-90.7195,5.86
2015/6,Houma,29.5958,-90.7195,7.52
2015/7,Houma,29.5958,-90.7195,7.06
2015/8,Houma,29.5958,-90.7195,8.018181818
2015/9,Houma,29.5958,-90.7195,6.32
2015/10,Houma,29.5958,-90.7195,10.21
2015/11,Houma,29.5958,-90.7195,4.62
2015/12,Houma,29.5958,-90.7195,6.54
2015/1,Kenner,30.0101,-90.2549,8.694736842
2015/2,Kenner,30.0101,-90.2549,10.46
2015/3,Kenner,30.0101,-90.2549,6.2
2015/4,Kenner,30.0101,-90.2549,7.42
2015/5,Kenner,30.0101,-90.2549,4.92
2015/6,Kenner,30.0101,-90.2549,8.82
2015/7,Kenner,30.0101,-90.2549,11.12
2015/8,Kenner,30.0101,-90.2549,7.72
2015/9,Kenner,30.0101,-90.2549,6.66
2015/10,Kenner,30.0101,-90.2549,7.08
2015/11,Kenner,30.0101,-90.2549,4.02
2015/12,Kenner,30.0101,-90.2549,5.74
2015/1,Lafayette,30.2033,-92.0295,7.05
2015/2,Lafayette,30.2033,-92.0295,8.922222222
2015/3,Lafayette,30.2033,-92.0295,6.336363636
2015/4,Lafayette,30.2033,-92.0295,6.44
2015/5,Lafayette,30.2033,-92.0295,6.3
2015/6,Lafayette,30.2033,-92.0295,9.1
2015/7,Lafayette,30.2033,-92.0295,9.28
2015/8,Lafayette,30.2033,-92.0295,8.081818182
2015/9,Lafayette,30.2033,-92.0295,7.8
2015/10,Lafayette,30.2033,-92.0295,8.76
2015/11,Lafayette,30.2033,-92.0295,5.66
2015/12,Lafayette,30.2033,-92.0295,6.95
2015/1,LakeCharles,30.195,-93.2333,7.7
2015/2,LakeCharles,30.195,-93.2333,8.2816
2015/3,LakeCharles,30.195,-93.2333,8.2816
2015/4,LakeCharles,30.195,-93.2333,8.2816
2015/5,LakeCharles,30.195,-93.2333,8.2816
2015/6,LakeCharles,30.195,-93.2333,8.2816
2015/7,LakeCharles,30.195,-93.2333,8.2816
2015/8,LakeCharles,30.195,-93.2333,8.2816
2015/9,LakeCharles,30.195,-93.2333,8.2816
2015/10,LakeCharles,30.195,-93.2333,8.2816
2015/11,LakeCharles,30.195,-93.2333,8.2816
2015/12,LakeCharles,30.195,-93.2333,8.2816
2015/1,Marrero,29.8994,-90.1004,9.16
2015/2,Marrero,29.8994,-90.1004,9.966666667
2015/3,Marrero,29.8994,-90.1004,7.027272727
2015/4,Marrero,29.8994,-90.1004,7.563636364
2015/5,Marrero,29.8994,-90.1004,8.76
2015/6,Marrero,29.8994,-90.1004,9.711111111
2015/7,Marrero,29.8994,-90.1004,9.6
2015/8,Marrero,29.8994,-90.1004,8.954545455
2015/9,Marrero,29.8994,-90.1004,7.33
2015/10,Marrero,29.8994,-90.1004,7.963636364
2015/11,Marrero,29.8994,-90.1004,4.83
2015/12,Marrero,29.8994,-90.1004,5.23
2015/1,Monroe,32.5093,-92.1193,9.7
2015/2,Monroe,32.5093,-92.1193,7.715384615
2015/3,Monroe,32.5093,-92.1193,6.025
2015/4,Monroe,32.5093,-92.1193,7
2015/5,Monroe,32.5093,-92.1193,5.609090909
2015/6,Monroe,32.5093,-92.1193,9.73
2015/7,Monroe,32.5093,-92.1193,10.16
2015/8,Monroe,32.5093,-92.1193,9.336363636
2015/9,Monroe,32.5093,-92.1193,9.62
2015/10,Monroe,32.5093,-92.1193,9.79
2015/11,Monroe,32.5093,-92.1193,5.488888889
2015/12,Monroe,32.5093,-92.1193,6.945454545
2015/1,PortAllen,30.4474,-91.2082,8.076666667
2015/2,PortAllen,30.4474,-91.2082,10.24230769
2015/3,PortAllen,30.4474,-91.2082,7.316129032
2015/4,PortAllen,30.4474,-91.2082,7.720689655
2015/5,PortAllen,30.4474,-91.2082,7.986666667
2015/6,PortAllen,30.4474,-91.2082,10.20454545
2015/7,PortAllen,30.4474,-91.2082,10.17777778
2015/8,PortAllen,30.4474,-91.2082,11.26129032
2015/9,PortAllen,30.4474,-91.2082,9.558333333
2015/10,PortAllen,30.4474,-91.2082,10.60096774
2015/11,PortAllen,30.4474,-91.2082,7.153333333
2015/12,PortAllen,30.4474,-91.2082,7.770967742
2015/1,Shreveport,32.4465,-93.8256,6
2015/2,Shreveport,32.4465,-93.8256,9.5875
2015/3,Shreveport,32.4465,-93.8256,7.4
2015/4,Shreveport,32.4465,-93.8256,5.1
2015/5,Shreveport,32.4465,-93.8256,9.063636364
2015/6,Shreveport,32.4465,-93.8256,9.978571429
2015/7,Shreveport,32.4465,-93.8256,16.41764706
2015/8,Shreveport,32.4465,-93.8256,12.66470588
2015/9,Shreveport,32.4465,-93.8256,10.46666667
2015/10,Shreveport,32.4465,-93.8256,10.18888889
2015/11,Shreveport,32.4465,-93.8256,7.429411765
2015/12,Shreveport,32.4465,-93.8256,9.969230769
2015/1,Vinton,30.1986,-93.5708,5.72
2015/2,Vinton,30.1986,-93.5708,7.25
2015/3,Vinton,30.1986,-93.5708,5.816666667
2015/4,Vinton,30.1986,-93.5708,6.645454545
2015/5,Vinton,30.1986,-93.5708,5.709090909
2015/6,Vinton,30.1986,-93.5708,9.981818182
2015/7,Vinton,30.1986,-93.5708,8.690909091
2015/8,Vinton,30.1986,-93.5708,9.415384615
2015/9,Vinton,30.1986,-93.5708,8.33
2015/10,Vinton,30.1986,-93.5708,7.16
2015/11,Vinton,30.1986,-93.5708,5.345454545
2015/12,Vinton,30.1986,-93.5708,7.738461538
2016/1,Alexandria,31.3113,-92.4451,7.07
2016/2,Alexandria,31.3113,-92.4451,7.3
2016/3,Alexandria,31.3113,-92.4451,8.027272727
2016/4,Alexandria,31.3113,-92.4451,6.68
2016/5,Alexandria,31.3113,-92.4451,7.471428571
2016/6,Alexandria,31.3113,-92.4451,7.309090909
2016/7,Alexandria,31.3113,-92.4451,8.82
2016/8,Alexandria,31.3113,-92.4451,8.645454545
2016/9,Alexandria,31.3113,-92.4451,8.71
2016/10,Alexandria,31.3113,-92.4451,8.866666667
2016/11,Alexandria,31.3113,-92.4451,8.05
2016/12,Alexandria,31.3113,-92.4451,8.2816
2016/1,BatonRouge,30.4507,-91.1546,7.106451613
2016/2,BatonRouge,30.4507,-91.1546,7.830769231
2016/3,BatonRouge,30.4507,-91.1546,8.442857143
2016/4,BatonRouge,30.4507,-91.1546,8.127272727
2016/5,BatonRouge,30.4507,-91.1546,8.585714286
2016/6,BatonRouge,30.4507,-91.1546,11.172
2016/7,BatonRouge,30.4507,-91.1546,10.10322581
2016/8,BatonRouge,30.4507,-91.1546,9.766666667
2016/9,BatonRouge,30.4507,-91.1546,11.45384615
2016/10,BatonRouge,30.4507,-91.1546,17.62903226
2016/11,BatonRouge,30.4507,-91.1546,10.13
2016/12,BatonRouge,30.4507,-91.1546,8.003225806
2016/1,BayouPlaquemine,30.287,-91.2423,7.616666667
2016/2,BayouPlaquemine,30.287,-91.2423,6.325
2016/3,BayouPlaquemine,30.287,-91.2423,12.13333333
2016/4,BayouPlaquemine,30.287,-91.2423,7.633333333
2016/5,BayouPlaquemine,30.287,-91.2423,6.8
2016/6,BayouPlaquemine,30.287,-91.2423,7.75
2016/7,BayouPlaquemine,30.287,-91.2423,8.84
2016/8,BayouPlaquemine,30.287,-91.2423,7.22
2016/9,BayouPlaquemine,30.287,-91.2423,9.06
2016/10,BayouPlaquemine,30.287,-91.2423,6.9
2016/11,BayouPlaquemine,30.287,-91.2423,10.025
2016/12,BayouPlaquemine,30.287,-91.2423,7
2016/1,Chalmette,29.9336,-89.9636,6.854545455
2016/2,Chalmette,29.9336,-89.9636,7.055555556
2016/3,Chalmette,29.9336,-89.9636,8.072727273
2016/4,Chalmette,29.9336,-89.9636,7.466666667
2016/5,Chalmette,29.9336,-89.9636,8.909090909
2016/6,Chalmette,29.9336,-89.9636,8.27
2016/7,Chalmette,29.9336,-89.9636,9.544444444
2016/8,Chalmette,29.9336,-89.9636,7.885714286
2016/9,Chalmette,29.9336,-89.9636,8.141666667
2016/10,Chalmette,29.9336,-89.9636,9.1
2016/11,Chalmette,29.9336,-89.9636,10.14
2016/12,Chalmette,29.9336,-89.9636,7.8
2016/1,Geismer,30.1797,-90.9789,4.7125
2016/2,Geismer,30.1797,-90.9789,5.177777778
2016/3,Geismer,30.1797,-90.9789,7.990909091
2016/4,Geismer,30.1797,-90.9789,6.25
2016/5,Geismer,30.1797,-90.9789,7.03
2016/6,Geismer,30.1797,-90.9789,7.58
2016/7,Geismer,30.1797,-90.9789,8.58
2016/8,Geismer,30.1797,-90.9789,6.536363636
2016/9,Geismer,30.1797,-90.9789,7.87
2016/10,Geismer,30.1797,-90.9789,7.233333333
2016/11,Geismer,30.1797,-90.9789,7.15
2016/12,Geismer,30.1797,-90.9789,8.46
2016/1,Hammond,30.5044,-90.4615,4.55
2016/2,Hammond,30.5044,-90.4615,5.5
2016/3,Hammond,30.5044,-90.4615,5.833333333
2016/4,Hammond,30.5044,-90.4615,6
2016/5,Hammond,30.5044,-90.4615,6.52
2016/6,Hammond,30.5044,-90.4615,5.74
2016/7,Hammond,30.5044,-90.4615,8.56
2016/8,Hammond,30.5044,-90.4615,5.84
2016/9,Hammond,30.5044,-90.4615,8.38
2016/10,Hammond,30.5044,-90.4615,7.1
2016/11,Hammond,30.5044,-90.4615,6.516666667
2016/12,Hammond,30.5044,-90.4615,10.2
2016/1,Houma,29.5958,-90.7195,6.018181818
2016/2,Houma,29.5958,-90.7195,6.566666667
2016/3,Houma,29.5958,-90.7195,7.827272727
2016/4,Houma,29.5958,-90.7195,7.19
2016/5,Houma,29.5958,-90.7195,7.48
2016/6,Houma,29.5958,-90.7195,8.08
2016/7,Houma,29.5958,-90.7195,9.36
2016/8,Houma,29.5958,-90.7195,6.545454545
2016/9,Houma,29.5958,-90.7195,7.82
2016/10,Houma,29.5958,-90.7195,6.6875
2016/11,Houma,29.5958,-90.7195,8.375
2016/12,Houma,29.5958,-90.7195,7.27
2016/1,Kenner,30.0101,-90.2549,5.833333333
2016/2,Kenner,30.0101,-90.2549,6
2016/3,Kenner,30.0101,-90.2549,6.166666667
2016/4,Kenner,30.0101,-90.2549,6.06
2016/5,Kenner,30.0101,-90.2549,6.22
2016/6,Kenner,30.0101,-90.2549,5.4
2016/7,Kenner,30.0101,-90.2549,6.78
2016/8,Kenner,30.0101,-90.2549,6.92
2016/9,Kenner,30.0101,-90.2549,7.76
2016/10,Kenner,30.0101,-90.2549,6.3
2016/11,Kenner,30.0101,-90.2549,6.68
2016/12,Kenner,30.0101,-90.2549,5.94
2016/1,Lafayette,30.2033,-92.0295,6.3
2016/2,Lafayette,30.2033,-92.0295,6.111111111
2016/3,Lafayette,30.2033,-92.0295,7.218181818
2016/4,Lafayette,30.2033,-92.0295,5.86
2016/5,Lafayette,30.2033,-92.0295,7.47
2016/6,Lafayette,30.2033,-92.0295,7.11
2016/7,Lafayette,30.2033,-92.0295,7.54
2016/8,Lafayette,30.2033,-92.0295,6.027272727
2016/9,Lafayette,30.2033,-92.0295,7.73
2016/10,Lafayette,30.2033,-92.0295,8.877777778
2016/11,Lafayette,30.2033,-92.0295,9.9
2016/12,Lafayette,30.2033,-92.0295,4.3
2016/1,LakeCharles,30.195,-93.2333,6.018181818
2016/2,LakeCharles,30.195,-93.2333,6.566666667
2016/3,LakeCharles,30.195,-93.2333,7.827272727
2016/4,LakeCharles,30.195,-93.2333,7.19
2016/5,LakeCharles,30.195,-93.2333,7.48
2016/6,LakeCharles,30.195,-93.2333,8.08
2016/7,LakeCharles,30.195,-93.2333,9.36
2016/8,LakeCharles,30.195,-93.2333,6.545454545
2016/9,LakeCharles,30.195,-93.2333,7.82
2016/10,LakeCharles,30.195,-93.2333,6.6875
2016/11,LakeCharles,30.195,-93.2333,8.375
2016/12,LakeCharles,30.195,-93.2333,7.27
2016/1,Marrero,29.8994,-90.1004,6.109090909
2016/2,Marrero,29.8994,-90.1004,6
2016/3,Marrero,29.8994,-90.1004,8.291666667
2016/4,Marrero,29.8994,-90.1004,5.83
2016/5,Marrero,29.8994,-90.1004,6.95
2016/6,Marrero,29.8994,-90.1004,6.47
2016/7,Marrero,29.8994,-90.1004,7.12
2016/8,Marrero,29.8994,-90.1004,5.945454545
2016/9,Marrero,29.8994,-90.1004,7.422222222
2016/10,Marrero,29.8994,-90.1004,6.48
2016/11,Marrero,29.8994,-90.1004,7.32
2016/12,Marrero,29.8994,-90.1004,6.13
2016/1,Monroe,32.5093,-92.1193,10.42857143
2016/2,Monroe,32.5093,-92.1193,7.608333333
2016/3,Monroe,32.5093,-92.1193,5.418181818
2016/4,Monroe,32.5093,-92.1193,6.89
2016/5,Monroe,32.5093,-92.1193,7.49
2016/6,Monroe,32.5093,-92.1193,10.42222222
2016/7,Monroe,32.5093,-92.1193,8.928571429
2016/8,Monroe,32.5093,-92.1193,11.01875
2016/9,Monroe,32.5093,-92.1193,11.12
2016/10,Monroe,32.5093,-92.1193,8.708333333
2016/11,Monroe,32.5093,-92.1193,7.92
2016/12,Monroe,32.5093,-92.1193,6.054545455
2016/1,PortAllen,30.4474,-91.2082,7.016666667
2016/2,PortAllen,30.4474,-91.2082,7.527586207
2016/3,PortAllen,30.4474,-91.2082,9.010344828
2016/4,PortAllen,30.4474,-91.2082,7.996666667
2016/5,PortAllen,30.4474,-91.2082,8.853333333
2016/6,PortAllen,30.4474,-91.2082,9.99
2016/7,PortAllen,30.4474,-91.2082,10.71304348
2016/8,PortAllen,30.4474,-91.2082,8.629411765
2016/9,PortAllen,30.4474,-91.2082,9.069230769
2016/10,PortAllen,30.4474,-91.2082,10.87333333
2016/11,PortAllen,30.4474,-91.2082,10.76086957
2016/12,PortAllen,30.4474,-91.2082,8.125806452
2016/1,Shreveport,32.4465,-93.8256,9.291666667
2016/2,Shreveport,32.4465,-93.8256,9.716666667
2016/3,Shreveport,32.4465,-93.8256,7.484615385
2016/4,Shreveport,32.4465,-93.8256,10.02
2016/5,Shreveport,32.4465,-93.8256,8.866666667
2016/6,Shreveport,32.4465,-93.8256,10.71
2016/7,Shreveport,32.4465,-93.8256,13.26
2016/8,Shreveport,32.4465,-93.8256,11.14545455
2016/9,Shreveport,32.4465,-93.8256,9.31
2016/10,Shreveport,32.4465,-93.8256,11.12
2016/11,Shreveport,32.4465,-93.8256,10.77
2016/12,Shreveport,32.4465,-93.8256,8.372727273
2016/1,Vinton,30.1986,-93.5708,5.35
2016/2,Vinton,30.1986,-93.5708,5.93
2016/3,Vinton,30.1986,-93.5708,9.4
2016/4,Vinton,30.1986,-93.5708,7.145454545
2016/5,Vinton,30.1986,-93.5708,8.2
2016/6,Vinton,30.1986,-93.5708,7.12
2016/7,Vinton,30.1986,-93.5708,10.51
2016/8,Vinton,30.1986,-93.5708,7.654545455
2016/9,Vinton,30.1986,-93.5708,8.672727273
2016/10,Vinton,30.1986,-93.5708,7.372727273
2016/11,Vinton,30.1986,-93.5708,7.57
2016/12,Vinton,30.1986,-93.5708,6.744444444
2017/1,Alexandria,31.3113,-92.4451,5.16
2017/2,Alexandria,31.3113,-92.4451,6.728571429
2017/3,Alexandria,31.3113,-92.4451,9
2017/4,Alexandria,31.3113,-92.4451,8.685714286
2017/5,Alexandria,31.3113,-92.4451,7.436363636
2017/6,Alexandria,31.3113,-92.4451,7.63
2017/7,Alexandria,31.3113,-92.4451,8
2017/8,Alexandria,31.3113,-92.4451,9.14
2017/9,Alexandria,31.3113,-92.4451,10.39090909
2017/10,Alexandria,31.3113,-92.4451,9
2017/11,Alexandria,31.3113,-92.4451,7.855555556
2017/12,Alexandria,31.3113,-92.4451,6.772727273
2017/1,BatonRouge,30.4507,-91.1546,6.520833333
2017/2,BatonRouge,30.4507,-91.1546,8.014285714
2017/3,BatonRouge,30.4507,-91.1546,8.186666667
2017/4,BatonRouge,30.4507,-91.1546,9.868965517
2017/5,BatonRouge,30.4507,-91.1546,7.286666667
2017/6,BatonRouge,30.4507,-91.1546,6.089655172
2017/7,BatonRouge,30.4507,-91.1546,7.232258065
2017/8,BatonRouge,30.4507,-91.1546,6.7
2017/9,BatonRouge,30.4507,-91.1546,8.433333333
2017/10,BatonRouge,30.4507,-91.1546,5.796153846
2017/11,BatonRouge,30.4507,-91.1546,8.304
2017/12,BatonRouge,30.4507,-91.1546,7.955
2017/1,BayouPlaquemine,30.287,-91.2423,6.109090909
2017/2,BayouPlaquemine,30.287,-91.2423,7.088888889
2017/3,BayouPlaquemine,30.287,-91.2423,7.66
2017/4,BayouPlaquemine,30.287,-91.2423,9.62
2017/5,BayouPlaquemine,30.287,-91.2423,8.881818182
2017/6,BayouPlaquemine,30.287,-91.2423,9.14
2017/7,BayouPlaquemine,30.287,-91.2423,9.34
2017/8,BayouPlaquemine,30.287,-91.2423,8.38
2017/9,BayouPlaquemine,30.287,-91.2423,9.23
2017/10,BayouPlaquemine,30.287,-91.2423,7.009090909
2017/11,BayouPlaquemine,30.287,-91.2423,7.24
2017/12,BayouPlaquemine,30.287,-91.2423,7.26
2017/1,Chalmette,29.9336,-89.9636,6.55
2017/2,Chalmette,29.9336,-89.9636,8.575
2017/3,Chalmette,29.9336,-89.9636,7.08
2017/4,Chalmette,29.9336,-89.9636,9.92
2017/5,Chalmette,29.9336,-89.9636,7.883333333
2017/6,Chalmette,29.9336,-89.9636,11.425
2017/7,Chalmette,29.9336,-89.9636,8.24
2017/8,Chalmette,29.9336,-89.9636,7.05
2017/9,Chalmette,29.9336,-89.9636,9.52
2017/10,Chalmette,29.9336,-89.9636,6.6
2017/11,Chalmette,29.9336,-89.9636,6.2
2017/12,Chalmette,29.9336,-89.9636,9.975
2017/1,Geismer,30.1797,-90.9789,4.581818182
2017/2,Geismer,30.1797,-90.9789,6.244444444
2017/3,Geismer,30.1797,-90.9789,7.65
2017/4,Geismer,30.1797,-90.9789,7.32
2017/5,Geismer,30.1797,-90.9789,8.263636364
2017/6,Geismer,30.1797,-90.9789,10.61666667
2017/7,Geismer,30.1797,-90.9789,9.32
2017/8,Geismer,30.1797,-90.9789,9.85
2017/9,Geismer,30.1797,-90.9789,10.7125
2017/10,Geismer,30.1797,-90.9789,7.763636364
2017/11,Geismer,30.1797,-90.9789,9.12
2017/12,Geismer,30.1797,-90.9789,7.7
2017/1,Hammond,30.5044,-90.4615,6.222222222
2017/2,Hammond,30.5044,-90.4615,7.988888889
2017/3,Hammond,30.5044,-90.4615,7.29
2017/4,Hammond,30.5044,-90.4615,9.544444444
2017/5,Hammond,30.5044,-90.4615,7.97
2017/6,Hammond,30.5044,-90.4615,7.73
2017/7,Hammond,30.5044,-90.4615,9.36
2017/8,Hammond,30.5044,-90.4615,8.46
2017/9,Hammond,30.5044,-90.4615,8.78
2017/10,Hammond,30.5044,-90.4615,8.84
2017/11,Hammond,30.5044,-90.4615,7.9875
2017/12,Hammond,30.5044,-90.4615,6.311111111
2017/1,Houma,29.5958,-90.7195,4.654545455
2017/2,Houma,29.5958,-90.7195,7.0625
2017/3,Houma,29.5958,-90.7195,6.763636364
2017/4,Houma,29.5958,-90.7195,9.311111111
2017/5,Houma,29.5958,-90.7195,8.936363636
2017/6,Houma,29.5958,-90.7195,8.72
2017/7,Houma,29.5958,-90.7195,8.23
2017/8,Houma,29.5958,-90.7195,7.78
2017/9,Houma,29.5958,-90.7195,8.07
2017/10,Houma,29.5958,-90.7195,6.754545455
2017/11,Houma,29.5958,-90.7195,7.51
2017/12,Houma,29.5958,-90.7195,6.755555556
2017/1,Kenner,30.0101,-90.2549,8.4
2017/2,Kenner,30.0101,-90.2549,5.7
2017/3,Kenner,30.0101,-90.2549,5.12
2017/4,Kenner,30.0101,-90.2549,6.98
2017/5,Kenner,30.0101,-90.2549,6.466666667
2017/6,Kenner,30.0101,-90.2549,10.24
2017/7,Kenner,30.0101,-90.2549,8.025
2017/8,Kenner,30.0101,-90.2549,7.56
2017/9,Kenner,30.0101,-90.2549,9.36
2017/10,Kenner,30.0101,-90.2549,8.45
2017/11,Kenner,30.0101,-90.2549,5.266666667
2017/12,Kenner,30.0101,-90.2549,9.24
2017/1,Lafayette,30.2033,-92.0295,4.86
2017/2,Lafayette,30.2033,-92.0295,5.9375
2017/3,Lafayette,30.2033,-92.0295,7.3
2017/4,Lafayette,30.2033,-92.0295,7.014285714
2017/5,Lafayette,30.2033,-92.0295,8.62
2017/6,Lafayette,30.2033,-92.0295,9.02
2017/7,Lafayette,30.2033,-92.0295,9.5
2017/8,Lafayette,30.2033,-92.0295,8.51
2017/9,Lafayette,30.2033,-92.0295,8.99
2017/10,Lafayette,30.2033,-92.0295,8.409090909
2017/11,Lafayette,30.2033,-92.0295,9.25
2017/12,Lafayette,30.2033,-92.0295,8.7
2017/1,LakeCharles,30.195,-93.2333,6.109090909
2017/2,LakeCharles,30.195,-93.2333,7.088888889
2017/3,LakeCharles,30.195,-93.2333,7.66
2017/4,LakeCharles,30.195,-93.2333,9.62
2017/5,LakeCharles,30.195,-93.2333,8.881818182
2017/6,LakeCharles,30.195,-93.2333,9.14
2017/7,LakeCharles,30.195,-93.2333,9.34
2017/8,LakeCharles,30.195,-93.2333,8.38
2017/9,LakeCharles,30.195,-93.2333,9.23
2017/10,LakeCharles,30.195,-93.2333,7.009090909
2017/11,LakeCharles,30.195,-93.2333,7.24
2017/12,LakeCharles,30.195,-93.2333,7.26
2017/1,Marrero,29.8994,-90.1004,5.58
2017/2,Marrero,29.8994,-90.1004,6.877777778
2017/3,Marrero,29.8994,-90.1004,7.14
2017/4,Marrero,29.8994,-90.1004,9.63
2017/5,Marrero,29.8994,-90.1004,8.209090909
2017/6,Marrero,29.8994,-90.1004,8.842857143
2017/7,Marrero,29.8994,-90.1004,10.42
2017/8,Marrero,29.8994,-90.1004,7.22
2017/9,Marrero,29.8994,-90.1004,8.8
2017/10,Marrero,29.8994,-90.1004,6.145454545
2017/11,Marrero,29.8994,-90.1004,7.11
2017/12,Marrero,29.8994,-90.1004,7.411111111
2017/1,Monroe,32.5093,-92.1193,5.290909091
2017/2,Monroe,32.5093,-92.1193,6.54
2017/3,Monroe,32.5093,-92.1193,7.7875
2017/4,Monroe,32.5093,-92.1193,9.68
2017/5,Monroe,32.5093,-92.1193,6.45
2017/6,Monroe,32.5093,-92.1193,6.6
2017/7,Monroe,32.5093,-92.1193,10.41
2017/8,Monroe,32.5093,-92.1193,8.922222222
2017/9,Monroe,32.5093,-92.1193,9.9
2017/10,Monroe,32.5093,-92.1193,7.25
2017/11,Monroe,32.5093,-92.1193,9
2017/12,Monroe,32.5093,-92.1193,6.133333333
2017/1,PortAllen,30.4474,-91.2082,6.693548387
2017/2,PortAllen,30.4474,-91.2082,8.757142857
2017/3,PortAllen,30.4474,-91.2082,9.093548387
2017/4,PortAllen,30.4474,-91.2082,11.28
2017/5,PortAllen,30.4474,-91.2082,9.114814815
2017/6,PortAllen,30.4474,-91.2082,8.106896552
2017/7,PortAllen,30.4474,-91.2082,10.56333333
2017/8,PortAllen,30.4474,-91.2082,9.419354839
2017/9,PortAllen,30.4474,-91.2082,10.44333333
2017/10,PortAllen,30.4474,-91.2082,8.038709677
2017/11,PortAllen,30.4474,-91.2082,9.623333333
2017/12,PortAllen,30.4474,-91.2082,8.673333333
2017/1,Shreveport,32.4465,-93.8256,6.344444444
2017/2,Shreveport,32.4465,-93.8256,8.4125
2017/3,Shreveport,32.4465,-93.8256,9.366666667
2017/4,Shreveport,32.4465,-93.8256,11.36
2017/5,Shreveport,32.4465,-93.8256,9.042857143
2017/6,Shreveport,32.4465,-93.8256,10.08571429
2017/7,Shreveport,32.4465,-93.8256,10.67
2017/8,Shreveport,32.4465,-93.8256,12.38
2017/9,Shreveport,32.4465,-93.8256,13.47272727
2017/10,Shreveport,32.4465,-93.8256,10.45
2017/11,Shreveport,32.4465,-93.8256,14.5
2017/12,Shreveport,32.4465,-93.8256,9.43
2017/1,Vinton,30.1986,-93.5708,5.609090909
2017/2,Vinton,30.1986,-93.5708,5.7625
2017/3,Vinton,30.1986,-93.5708,7.818181818
2017/4,Vinton,30.1986,-93.5708,8.75
2017/5,Vinton,30.1986,-93.5708,7.2375
2017/6,Vinton,30.1986,-93.5708,8.2
2017/7,Vinton,30.1986,-93.5708,8.43
2017/8,Vinton,30.1986,-93.5708,7.94
2017/9,Vinton,30.1986,-93.5708,9.27
2017/10,Vinton,30.1986,-93.5708,8.490909091
2017/11,Vinton,30.1986,-93.5708,6.366666667
2017/12,Vinton,30.1986,-93.5708,8.509090909
2018/1,Alexandria,31.3113,-92.4451,6.31
2018/2,Alexandria,31.3113,-92.4451,6.075
2018/3,Alexandria,31.3113,-92.4451,7.98
2018/4,Alexandria,31.3113,-92.4451,7.73
2018/5,Alexandria,31.3113,-92.4451,8.94
2018/6,Alexandria,31.3113,-92.4451,9.14
2018/7,Alexandria,31.3113,-92.4451,16.52
2018/8,Alexandria,31.3113,-92.4451,10.92
2018/9,Alexandria,31.3113,-92.4451,5.99
2018/10,Alexandria,31.3113,-92.4451,6.05
2018/11,Alexandria,31.3113,-92.4451,6.01
2018/12,Alexandria,31.3113,-92.4451,6.790909091
2018/1,BatonRouge,30.4507,-91.1546,8.1625
2018/2,BatonRouge,30.4507,-91.1546,6.670833333
2018/3,BatonRouge,30.4507,-91.1546,9.05
2018/4,BatonRouge,30.4507,-91.1546,8.4
2018/5,BatonRouge,30.4507,-91.1546,10.76774194
2018/6,BatonRouge,30.4507,-91.1546,11.29333333
2018/7,BatonRouge,30.4507,-91.1546,15.8483871
2018/8,BatonRouge,30.4507,-91.1546,11.44193548
2018/9,BatonRouge,30.4507,-91.1546,7.01
2018/10,BatonRouge,30.4507,-91.1546,8.228
2018/11,BatonRouge,30.4507,-91.1546,8.766666667
2018/12,BatonRouge,30.4507,-91.1546,7.561538462
2018/1,BayouPlaquemine,30.287,-91.2423,6.65
2018/2,BayouPlaquemine,30.287,-91.2423,6.3
2018/3,BayouPlaquemine,30.287,-91.2423,7.977777778
2018/4,BayouPlaquemine,30.287,-91.2423,6.86
2018/5,BayouPlaquemine,30.287,-91.2423,9.79
2018/6,BayouPlaquemine,30.287,-91.2423,10.4
2018/7,BayouPlaquemine,30.287,-91.2423,12.73636364
2018/8,BayouPlaquemine,30.287,-91.2423,10.78888889
2018/9,BayouPlaquemine,30.287,-91.2423,6.54
2018/10,BayouPlaquemine,30.287,-91.2423,6.966666667
2018/11,BayouPlaquemine,30.287,-91.2423,8.02
2018/12,BayouPlaquemine,30.287,-91.2423,6.854545455
2018/1,Chalmette,29.9336,-89.9636,6.52
2018/2,Chalmette,29.9336,-89.9636,5.8
2018/3,Chalmette,29.9336,-89.9636,10.54285714
2018/4,Chalmette,29.9336,-89.9636,6.78
2018/5,Chalmette,29.9336,-89.9636,9.74
2018/6,Chalmette,29.9336,-89.9636,10.11666667
2018/7,Chalmette,29.9336,-89.9636,12.06666667
2018/8,Chalmette,29.9336,-89.9636,11.06
2018/9,Chalmette,29.9336,-89.9636,5.96
2018/10,Chalmette,29.9336,-89.9636,7.06
2018/11,Chalmette,29.9336,-89.9636,7.36
2018/12,Chalmette,29.9336,-89.9636,7.96
2018/1,Geismer,30.1797,-90.9789,11.19
2018/2,Geismer,30.1797,-90.9789,6.63
2018/3,Geismer,30.1797,-90.9789,7.97
2018/4,Geismer,30.1797,-90.9789,8.65
2018/5,Geismer,30.1797,-90.9789,10.11
2018/6,Geismer,30.1797,-90.9789,9.83
2018/7,Geismer,30.1797,-90.9789,13.67
2018/8,Geismer,30.1797,-90.9789,10.35
2018/9,Geismer,30.1797,-90.9789,7.4
2018/10,Geismer,30.1797,-90.9789,6.8
2018/11,Geismer,30.1797,-90.9789,8.59
2018/12,Geismer,30.1797,-90.9789,6.18
2018/1,Hammond,30.5044,-90.4615,4.74
2018/2,Hammond,30.5044,-90.4615,4.91
2018/3,Hammond,30.5044,-90.4615,6.59
2018/4,Hammond,30.5044,-90.4615,7.25
2018/5,Hammond,30.5044,-90.4615,9.79
2018/6,Hammond,30.5044,-90.4615,9.62
2018/7,Hammond,30.5044,-90.4615,11.6
2018/8,Hammond,30.5044,-90.4615,5.672727273
2018/9,Hammond,30.5044,-90.4615,4.81
2018/10,Hammond,30.5044,-90.4615,6.27
2018/11,Hammond,30.5044,-90.4615,6.96
2018/12,Hammond,30.5044,-90.4615,5.990909091
2018/1,Houma,29.5958,-90.7195,5.777777778
2018/2,Houma,29.5958,-90.7195,5.86
2018/3,Houma,29.5958,-90.7195,7.88
2018/4,Houma,29.5958,-90.7195,6.690909091
2018/5,Houma,29.5958,-90.7195,8.91
2018/6,Houma,29.5958,-90.7195,8.033333333
2018/7,Houma,29.5958,-90.7195,11.62222222
2018/8,Houma,29.5958,-90.7195,8.290909091
2018/9,Houma,29.5958,-90.7195,5.47
2018/10,Houma,29.5958,-90.7195,6.74
2018/11,Houma,29.5958,-90.7195,6.56
2018/12,Houma,29.5958,-90.7195,5.45
2018/1,Kenner,30.0101,-90.2549,6.98
2018/2,Kenner,30.0101,-90.2549,4.74
2018/3,Kenner,30.0101,-90.2549,8.22
2018/4,Kenner,30.0101,-90.2549,7.06
2018/5,Kenner,30.0101,-90.2549,10.04
2018/6,Kenner,30.0101,-90.2549,10.46
2018/7,Kenner,30.0101,-90.2549,13.02
2018/8,Kenner,30.0101,-90.2549,11.22
2018/9,Kenner,30.0101,-90.2549,5.86
2018/10,Kenner,30.0101,-90.2549,7.1
2018/11,Kenner,30.0101,-90.2549,7.24
2018/12,Kenner,30.0101,-90.2549,4.22
2018/1,Lafayette,30.2033,-92.0295,7.977777778
2018/2,Lafayette,30.2033,-92.0295,7.82
2018/3,Lafayette,30.2033,-92.0295,8.22
2018/4,Lafayette,30.2033,-92.0295,7.83
2018/5,Lafayette,30.2033,-92.0295,9.08
2018/6,Lafayette,30.2033,-92.0295,9.25
2018/7,Lafayette,30.2033,-92.0295,14.21818182
2018/8,Lafayette,30.2033,-92.0295,9.96
2018/9,Lafayette,30.2033,-92.0295,5.7
2018/10,Lafayette,30.2033,-92.0295,6.16
2018/11,Lafayette,30.2033,-92.0295,7.74
2018/12,Lafayette,30.2033,-92.0295,6.636363636
2018/1,LakeCharles,30.195,-93.2333,6.65
2018/2,LakeCharles,30.195,-93.2333,6.3
2018/3,LakeCharles,30.195,-93.2333,7.977777778
2018/4,LakeCharles,30.195,-93.2333,6.86
2018/5,LakeCharles,30.195,-93.2333,9.79
2018/6,LakeCharles,30.195,-93.2333,10.4
2018/7,LakeCharles,30.195,-93.2333,12.73636364
2018/8,LakeCharles,30.195,-93.2333,10.78888889
2018/9,LakeCharles,30.195,-93.2333,6.54
2018/10,LakeCharles,30.195,-93.2333,6.966666667
2018/11,LakeCharles,30.195,-93.2333,8.02
2018/12,LakeCharles,30.195,-93.2333,6.854545455
2018/1,Marrero,29.8994,-90.1004,6.441666667
2018/2,Marrero,29.8994,-90.1004,5.2
2018/3,Marrero,29.8994,-90.1004,7.75
2018/4,Marrero,29.8994,-90.1004,6.97
2018/5,Marrero,29.8994,-90.1004,9.14
2018/6,Marrero,29.8994,-90.1004,9.9875
2018/7,Marrero,29.8994,-90.1004,12.65454545
2018/8,Marrero,29.8994,-90.1004,8.77
2018/9,Marrero,29.8994,-90.1004,5.74
2018/10,Marrero,29.8994,-90.1004,6.64
2018/11,Marrero,29.8994,-90.1004,7.21
2018/12,Marrero,29.8994,-90.1004,6.87
2018/1,Monroe,32.5093,-92.1193,5.38
2018/2,Monroe,32.5093,-92.1193,6
2018/3,Monroe,32.5093,-92.1193,6.83
2018/4,Monroe,32.5093,-92.1193,7.37
2018/5,Monroe,32.5093,-92.1193,9.33
2018/6,Monroe,32.5093,-92.1193,9.42
2018/7,Monroe,32.5093,-92.1193,15.37272727
2018/8,Monroe,32.5093,-92.1193,10.69
2018/9,Monroe,32.5093,-92.1193,6.69
2018/10,Monroe,32.5093,-92.1193,5.28
2018/11,Monroe,32.5093,-92.1193,5.7
2018/12,Monroe,32.5093,-92.1193,5.790909091
2018/1,PortAllen,30.4474,-91.2082,7.3
2018/2,PortAllen,30.4474,-91.2082,7.296428571
2018/3,PortAllen,30.4474,-91.2082,8.974193548
2018/4,PortAllen,30.4474,-91.2082,8.616666667
2018/5,PortAllen,30.4474,-91.2082,10.77741935
2018/6,PortAllen,30.4474,-91.2082,10.99333333
2018/7,PortAllen,30.4474,-91.2082,14.9483871
2018/8,PortAllen,30.4474,-91.2082,11.53870968
2018/9,PortAllen,30.4474,-91.2082,7.233333333
2018/10,PortAllen,30.4474,-91.2082,7.935483871
2018/11,PortAllen,30.4474,-91.2082,9.062068966
2018/12,PortAllen,30.4474,-91.2082,7.022580645
2018/1,Shreveport,32.4465,-93.8256,9.82
2018/2,Shreveport,32.4465,-93.8256,7.477777778
2018/3,Shreveport,32.4465,-93.8256,11.52857143
2018/4,Shreveport,32.4465,-93.8256,8.863636364
2018/5,Shreveport,32.4465,-93.8256,10.33
2018/6,Shreveport,32.4465,-93.8256,13.81
2018/7,Shreveport,32.4465,-93.8256,20.03636364
2018/8,Shreveport,32.4465,-93.8256,11.23333333
2018/9,Shreveport,32.4465,-93.8256,9.385714286
2018/10,Shreveport,32.4465,-93.8256,8.36
2018/11,Shreveport,32.4465,-93.8256,8.62
2018/12,Shreveport,32.4465,-93.8256,7.181818182
2018/1,Vinton,30.1986,-93.5708,5.39
2018/2,Vinton,30.1986,-93.5708,7.354545455
2018/3,Vinton,30.1986,-93.5708,8.127272727
2018/4,Vinton,30.1986,-93.5708,7.633333333
2018/5,Vinton,30.1986,-93.5708,9.222222222
2018/6,Vinton,30.1986,-93.5708,12.29
2018/7,Vinton,30.1986,-93.5708,14.19090909
2018/8,Vinton,30.1986,-93.5708,9.37
2018/9,Vinton,30.1986,-93.5708,5.67
2018/10,Vinton,30.1986,-93.5708,4.98
2018/11,Vinton,30.1986,-93.5708,5.99
2018/12,Vinton,30.1986,-93.5708,4.990909091
2019/1,Alexandria,31.3113,-92.4451,4.58
2019/2,Alexandria,31.3113,-92.4451,5.411111111
2019/3,Alexandria,31.3113,-92.4451,7.4
2019/4,Alexandria,31.3113,-92.4451,7.622222222
2019/5,Alexandria,31.3113,-92.4451,8.33
2019/6,Alexandria,31.3113,-92.4451,10.21111111
2019/7,Alexandria,31.3113,-92.4451,8.5
2019/8,Alexandria,31.3113,-92.4451,8.963636364
2019/9,Alexandria,31.3113,-92.4451,8.63
2019/10,Alexandria,31.3113,-92.4451,7.04
2019/11,Alexandria,31.3113,-92.4451,7.99
2019/12,Alexandria,31.3113,-92.4451,5.55
2019/1,BatonRouge,30.4507,-91.1546,6.86
2019/2,BatonRouge,30.4507,-91.1546,7.114285714
2019/3,BatonRouge,30.4507,-91.1546,8.461290323
2019/4,BatonRouge,30.4507,-91.1546,7.175862069
2019/5,BatonRouge,30.4507,-91.1546,8.816129032
2019/6,BatonRouge,30.4507,-91.1546,13.88666667
2019/7,BatonRouge,30.4507,-91.1546,12.13548387
2019/8,BatonRouge,30.4507,-91.1546,10.23666667
2019/9,BatonRouge,30.4507,-91.1546,12.37272727
2019/10,BatonRouge,30.4507,-91.1546,7.416666667
2019/11,BatonRouge,30.4507,-91.1546,10.15666667
2019/12,BatonRouge,30.4507,-91.1546,7.2
2019/1,BayouPlaquemine,30.287,-91.2423,6.47
2019/2,BayouPlaquemine,30.287,-91.2423,7.544444444
2019/3,BayouPlaquemine,30.287,-91.2423,7.281818182
2019/4,BayouPlaquemine,30.287,-91.2423,7.31
2019/5,BayouPlaquemine,30.287,-91.2423,8.25
2019/6,BayouPlaquemine,30.287,-91.2423,10.84
2019/7,BayouPlaquemine,30.287,-91.2423,9.43
2019/8,BayouPlaquemine,30.287,-91.2423,7.772727273
2019/9,BayouPlaquemine,30.287,-91.2423,8.7
2019/10,BayouPlaquemine,30.287,-91.2423,6.29
2019/11,BayouPlaquemine,30.287,-91.2423,8.09
2019/12,BayouPlaquemine,30.287,-91.2423,6.23
2019/1,Chalmette,29.9336,-89.9636,4.84
2019/2,Chalmette,29.9336,-89.9636,8.48
2019/3,Chalmette,29.9336,-89.9636,7.34
2019/4,Chalmette,29.9336,-89.9636,6.82
2019/5,Chalmette,29.9336,-89.9636,7.533333333
2019/6,Chalmette,29.9336,-89.9636,11.86
2019/7,Chalmette,29.9336,-89.9636,8.38
2019/8,Chalmette,29.9336,-89.9636,8.283333333
2019/9,Chalmette,29.9336,-89.9636,8.84
2019/10,Chalmette,29.9336,-89.9636,6.46
2019/11,Chalmette,29.9336,-89.9636,9.06
2019/12,Chalmette,29.9336,-89.9636,4.44
2019/1,Geismer,30.1797,-90.9789,5.86
2019/2,Geismer,30.1797,-90.9789,7.466666667
2019/3,Geismer,30.1797,-90.9789,7.409090909
2019/4,Geismer,30.1797,-90.9789,7.38
2019/5,Geismer,30.1797,-90.9789,8.65
2019/6,Geismer,30.1797,-90.9789,11.6
2019/7,Geismer,30.1797,-90.9789,9.9
2019/8,Geismer,30.1797,-90.9789,8.591666667
2019/9,Geismer,30.1797,-90.9789,10.38
2019/10,Geismer,30.1797,-90.9789,6.9
2019/11,Geismer,30.1797,-90.9789,9.581818182
2019/12,Geismer,30.1797,-90.9789,7.44
2019/1,Hammond,30.5044,-90.4615,4.827272727
2019/2,Hammond,30.5044,-90.4615,6.644444444
2019/3,Hammond,30.5044,-90.4615,7.266666667
2019/4,Hammond,30.5044,-90.4615,6.15
2019/5,Hammond,30.5044,-90.4615,7.5
2019/6,Hammond,30.5044,-90.4615,10.18888889
2019/7,Hammond,30.5044,-90.4615,9.622222222
2019/8,Hammond,30.5044,-90.4615,8.509090909
2019/9,Hammond,30.5044,-90.4615,9.16
2019/10,Hammond,30.5044,-90.4615,6.533333333
2019/11,Hammond,30.5044,-90.4615,8.388888889
2019/12,Hammond,30.5044,-90.4615,5.94
2019/1,Houma,29.5958,-90.7195,5.58
2019/2,Houma,29.5958,-90.7195,6.788888889
2019/3,Houma,29.5958,-90.7195,6.309090909
2019/4,Houma,29.5958,-90.7195,6.75
2019/5,Houma,29.5958,-90.7195,7.67
2019/6,Houma,29.5958,-90.7195,11.25
2019/7,Houma,29.5958,-90.7195,7.71
2019/8,Houma,29.5958,-90.7195,6.9
2019/9,Houma,29.5958,-90.7195,9.73
2019/10,Houma,29.5958,-90.7195,6.122222222
2019/11,Houma,29.5958,-90.7195,8.37
2019/12,Houma,29.5958,-90.7195,6.5
2019/1,Kenner,30.0101,-90.2549,4.26
2019/2,Kenner,30.0101,-90.2549,8.38
2019/3,Kenner,30.0101,-90.2549,6.96
2019/4,Kenner,30.0101,-90.2549,5.94
2019/5,Kenner,30.0101,-90.2549,8
2019/6,Kenner,30.0101,-90.2549,11.8
2019/7,Kenner,30.0101,-90.2549,8.22
2019/8,Kenner,30.0101,-90.2549,7.15
2019/9,Kenner,30.0101,-90.2549,8.3
2019/10,Kenner,30.0101,-90.2549,4.88
2019/11,Kenner,30.0101,-90.2549,7.94
2019/12,Kenner,30.0101,-90.2549,4.1
2019/1,Lafayette,30.2033,-92.0295,5.93
2019/2,Lafayette,30.2033,-92.0295,7.222222222
2019/3,Lafayette,30.2033,-92.0295,7.5
2019/4,Lafayette,30.2033,-92.0295,7.47
2019/5,Lafayette,30.2033,-92.0295,7.91
2019/6,Lafayette,30.2033,-92.0295,10.56
2019/7,Lafayette,30.2033,-92.0295,9.21
2019/8,Lafayette,30.2033,-92.0295,7.909090909
2019/9,Lafayette,30.2033,-92.0295,8.61
2019/10,Lafayette,30.2033,-92.0295,6.5
2019/11,Lafayette,30.2033,-92.0295,8.77
2019/12,Lafayette,30.2033,-92.0295,7.83
2019/1,LakeCharles,30.195,-93.2333,6.47
2019/2,LakeCharles,30.195,-93.2333,7.544444444
2019/3,LakeCharles,30.195,-93.2333,7.281818182
2019/4,LakeCharles,30.195,-93.2333,7.31
2019/5,LakeCharles,30.195,-93.2333,8.25
2019/6,LakeCharles,30.195,-93.2333,10.84
2019/7,LakeCharles,30.195,-93.2333,9.43
2019/8,LakeCharles,30.195,-93.2333,7.772727273
2019/9,LakeCharles,30.195,-93.2333,8.7
2019/10,LakeCharles,30.195,-93.2333,6.29
2019/11,LakeCharles,30.195,-93.2333,8.09
2019/12,LakeCharles,30.195,-93.2333,6.23
2019/1,Marrero,29.8994,-90.1004,5.454545455
2019/2,Marrero,29.8994,-90.1004,6.981818182
2019/3,Marrero,29.8994,-90.1004,7.027272727
2019/4,Marrero,29.8994,-90.1004,6.87
2019/5,Marrero,29.8994,-90.1004,7.9
2019/6,Marrero,29.8994,-90.1004,10.83
2019/7,Marrero,29.8994,-90.1004,9.066666667
2019/8,Marrero,29.8994,-90.1004,7.669230769
2019/9,Marrero,29.8994,-90.1004,8.96
2019/10,Marrero,29.8994,-90.1004,6.6875
2019/11,Marrero,29.8994,-90.1004,9.025
2019/12,Marrero,29.8994,-90.1004,6.44
2019/1,Monroe,32.5093,-92.1193,5.42
2019/2,Monroe,32.5093,-92.1193,5.566666667
2019/3,Monroe,32.5093,-92.1193,5.636363636
2019/4,Monroe,32.5093,-92.1193,6.3
2019/5,Monroe,32.5093,-92.1193,7.69
2019/6,Monroe,32.5093,-92.1193,8.59
2019/7,Monroe,32.5093,-92.1193,9.63
2019/8,Monroe,32.5093,-92.1193,8.690909091
2019/9,Monroe,32.5093,-92.1193,9.26
2019/10,Monroe,32.5093,-92.1193,5.566666667
2019/11,Monroe,32.5093,-92.1193,8.18
2019/12,Monroe,32.5093,-92.1193,6.15
2019/1,PortAllen,30.4474,-91.2082,6.625806452
2019/2,PortAllen,30.4474,-91.2082,7.614285714
2019/3,PortAllen,30.4474,-91.2082,8.993548387
2019/4,PortAllen,30.4474,-91.2082,7.52
2019/5,PortAllen,30.4474,-91.2082,9.238709677
2019/6,PortAllen,30.4474,-91.2082,12.49655172
2019/7,PortAllen,30.4474,-91.2082,10.09354839
2019/8,PortAllen,30.4474,-91.2082,9.306666667
2019/9,PortAllen,30.4474,-91.2082,10.64333333
2019/10,PortAllen,30.4474,-91.2082,7.175
2019/11,PortAllen,30.4474,-91.2082,9.896551724
2019/12,PortAllen,30.4474,-91.2082,7.411538462
2019/1,Shreveport,32.4465,-93.8256,7.033333333
2019/2,Shreveport,32.4465,-93.8256,8.733333333
2019/3,Shreveport,32.4465,-93.8256,7.883333333
2019/4,Shreveport,32.4465,-93.8256,10.26
2019/5,Shreveport,32.4465,-93.8256,11.17
2019/6,Shreveport,32.4465,-93.8256,12.71111111
2019/7,Shreveport,32.4465,-93.8256,11.57
2019/8,Shreveport,32.4465,-93.8256,13.32727273
2019/9,Shreveport,32.4465,-93.8256,12.82
2019/10,Shreveport,32.4465,-93.8256,10.35555556
2019/11,Shreveport,32.4465,-93.8256,12.24
2019/12,Shreveport,32.4465,-93.8256,10.15
2019/1,Vinton,30.1986,-93.5708,4.51
2019/2,Vinton,30.1986,-93.5708,5.557142857
2019/3,Vinton,30.1986,-93.5708,7.1
2019/4,Vinton,30.1986,-93.5708,5.86
2019/5,Vinton,30.1986,-93.5708,8.02
2019/6,Vinton,30.1986,-93.5708,9.122222222
2019/7,Vinton,30.1986,-93.5708,8.53
2019/8,Vinton,30.1986,-93.5708,7.33
2019/9,Vinton,30.1986,-93.5708,7.13
2019/10,Vinton,30.1986,-93.5708,5.93
2019/11,Vinton,30.1986,-93.5708,6.92
2019/12,Vinton,30.1986,-93.5708,5.37
2020/1,Alexandria,31.3113,-92.4451,5.690909091
2020/2,Alexandria,31.3113,-92.4451,4.244444444
2020/3,Alexandria,31.3113,-92.4451,7
2020/4,Alexandria,31.3113,-92.4451,7.99
2020/5,Alexandria,31.3113,-92.4451,5.26
2020/6,Alexandria,31.3113,-92.4451,10.66
2020/7,Alexandria,31.3113,-92.4451,10.01
2020/8,Alexandria,31.3113,-92.4451,8.87
2020/9,Alexandria,31.3113,-92.4451,7.62
2020/10,Alexandria,31.3113,-92.4451,7.6
2020/11,Alexandria,31.3113,-92.4451,6.96
2020/12,Alexandria,31.3113,-92.4451,5.32
2020/1,BatonRouge,30.4507,-91.1546,6.555555556
2020/2,BatonRouge,30.4507,-91.1546,6.110344828
2020/3,BatonRouge,30.4507,-91.1546,8.009677419
2020/4,BatonRouge,30.4507,-91.1546,8.247826087
2020/5,BatonRouge,30.4507,-91.1546,7.470967742
2020/6,BatonRouge,30.4507,-91.1546,10.81
2020/7,BatonRouge,30.4507,-91.1546,10.28064516
2020/8,BatonRouge,30.4507,-91.1546,8.353571429
2020/9,BatonRouge,30.4507,-91.1546,8.51
2020/10,BatonRouge,30.4507,-91.1546,7.967741935
2020/11,BatonRouge,30.4507,-91.1546,7.923333333
2020/12,BatonRouge,30.4507,-91.1546,7.880769231
2020/1,BayouPlaquemine,30.287,-91.2423,7
2020/2,BayouPlaquemine,30.287,-91.2423,4.8
2020/3,BayouPlaquemine,30.287,-91.2423,7.545454545
2020/4,BayouPlaquemine,30.287,-91.2423,8.09
2020/5,BayouPlaquemine,30.287,-91.2423,5.94
2020/6,BayouPlaquemine,30.287,-91.2423,8.61
2020/7,BayouPlaquemine,30.287,-91.2423,9.508333333
2020/8,BayouPlaquemine,30.287,-91.2423,9.990909091
2020/9,BayouPlaquemine,30.287,-91.2423,6.71
2020/10,BayouPlaquemine,30.287,-91.2423,7.8
2020/11,BayouPlaquemine,30.287,-91.2423,8.03
2020/12,BayouPlaquemine,30.287,-91.2423,5.6
2020/1,Chalmette,29.9336,-89.9636,6.733333333
2020/2,Chalmette,29.9336,-89.9636,4.92
2020/3,Chalmette,29.9336,-89.9636,10.34
2020/4,Chalmette,29.9336,-89.9636,8.18
2020/5,Chalmette,29.9336,-89.9636,7.82
2020/6,Chalmette,29.9336,-89.9636,9.28
2020/7,Chalmette,29.9336,-89.9636,10.68
2020/8,Chalmette,29.9336,-89.9636,9.233333333
2020/9,Chalmette,29.9336,-89.9636,6.98
2020/10,Chalmette,29.9336,-89.9636,7.75
2020/11,Chalmette,29.9336,-89.9636,6.933333333
2020/12,Chalmette,29.9336,-89.9636,5.9
2020/1,Geismer,30.1797,-90.9789,7.254545455
2020/2,Geismer,30.1797,-90.9789,4.722222222
2020/3,Geismer,30.1797,-90.9789,7.490909091
2020/4,Geismer,30.1797,-90.9789,9.98
2020/5,Geismer,30.1797,-90.9789,5.66
2020/6,Geismer,30.1797,-90.9789,7.75
2020/7,Geismer,30.1797,-90.9789,6.866666667
2020/8,Geismer,30.1797,-90.9789,10.29090909
2020/9,Geismer,30.1797,-90.9789,7.49
2020/10,Geismer,30.1797,-90.9789,8.41
2020/11,Geismer,30.1797,-90.9789,6.2375
2020/12,Geismer,30.1797,-90.9789,6.98
2020/1,Hammond,30.5044,-90.4615,6.2
2020/2,Hammond,30.5044,-90.4615,4.2625
2020/3,Hammond,30.5044,-90.4615,7.71
2020/4,Hammond,30.5044,-90.4615,8.33
2020/5,Hammond,30.5044,-90.4615,6.422222222
2020/6,Hammond,30.5044,-90.4615,8.23
2020/7,Hammond,30.5044,-90.4615,8.444444444
2020/8,Hammond,30.5044,-90.4615,9.4
2020/9,Hammond,30.5044,-90.4615,6.72
2020/10,Hammond,30.5044,-90.4615,8.13
2020/11,Hammond,30.5044,-90.4615,6.65
2020/12,Hammond,30.5044,-90.4615,5.4625
2020/1,Houma,29.5958,-90.7195,7.045454545
2020/2,Houma,29.5958,-90.7195,4.688888889
2020/3,Houma,29.5958,-90.7195,7.8
2020/4,Houma,29.5958,-90.7195,6.18
2020/5,Houma,29.5958,-90.7195,5.27
2020/6,Houma,29.5958,-90.7195,8.48
2020/7,Houma,29.5958,-90.7195,9.81
2020/8,Houma,29.5958,-90.7195,9.836363636
2020/9,Houma,29.5958,-90.7195,6.62
2020/10,Houma,29.5958,-90.7195,8.89
2020/11,Houma,29.5958,-90.7195,7.57
2020/12,Houma,29.5958,-90.7195,6.255555556
2020/1,Kenner,30.0101,-90.2549,6.16
2020/2,Kenner,30.0101,-90.2549,4.44
2020/3,Kenner,30.0101,-90.2549,9.28
2020/4,Kenner,30.0101,-90.2549,7.36
2020/5,Kenner,30.0101,-90.2549,5.275
2020/6,Kenner,30.0101,-90.2549,10.575
2020/7,Kenner,30.0101,-90.2549,10.08
2020/8,Kenner,30.0101,-90.2549,8.616666667
2020/9,Kenner,30.0101,-90.2549,6.42
2020/10,Kenner,30.0101,-90.2549,6.9
2020/11,Kenner,30.0101,-90.2549,6.3
2020/12,Kenner,30.0101,-90.2549,5.82
2020/1,Lafayette,30.2033,-92.0295,9
2020/2,Lafayette,30.2033,-92.0295,4.566666667
2020/3,Lafayette,30.2033,-92.0295,7.645454545
2020/4,Lafayette,30.2033,-92.0295,8.76
2020/5,Lafayette,30.2033,-92.0295,5.4
2020/6,Lafayette,30.2033,-92.0295,9.86
2020/7,Lafayette,30.2033,-92.0295,10.66
2020/8,Lafayette,30.2033,-92.0295,8.472727273
2020/9,Lafayette,30.2033,-92.0295,7.28
2020/10,Lafayette,30.2033,-92.0295,9.177777778
2020/11,Lafayette,30.2033,-92.0295,8.94
2020/12,Lafayette,30.2033,-92.0295,8.1
2020/1,LakeCharles,30.195,-93.2333,8.072727273
2020/2,LakeCharles,30.195,-93.2333,5.5375
2020/3,LakeCharles,30.195,-93.2333,8.354545455
2020/4,LakeCharles,30.195,-93.2333,7.988888889
2020/5,LakeCharles,30.195,-93.2333,6.233333333
2020/6,LakeCharles,30.195,-93.2333,8.62
2020/7,LakeCharles,30.195,-93.2333,10.56363636
2020/8,LakeCharles,30.195,-93.2333,9.636363636
2020/9,LakeCharles,30.195,-93.2333,7.02
2020/10,LakeCharles,30.195,-93.2333,7.63
2020/11,LakeCharles,30.195,-93.2333,6.73
2020/12,LakeCharles,30.195,-93.2333,6.4125
2020/1,Marrero,29.8994,-90.1004,7.523076923
2020/2,Marrero,29.8994,-90.1004,5.133333333
2020/3,Marrero,29.8994,-90.1004,7.954545455
2020/4,Marrero,29.8994,-90.1004,8.94
2020/5,Marrero,29.8994,-90.1004,5.93
2020/6,Marrero,29.8994,-90.1004,8.73
2020/7,Marrero,29.8994,-90.1004,10.67272727
2020/8,Marrero,29.8994,-90.1004,9.872727273
2020/9,Marrero,29.8994,-90.1004,7.14
2020/10,Marrero,29.8994,-90.1004,8.466666667
2020/11,Marrero,29.8994,-90.1004,8.785714286
2020/12,Marrero,29.8994,-90.1004,5.75
2020/1,Monroe,32.5093,-92.1193,5.972727273
2020/2,Monroe,32.5093,-92.1193,3.811111111
2020/3,Monroe,32.5093,-92.1193,5.981818182
2020/4,Monroe,32.5093,-92.1193,6.766666667
2020/5,Monroe,32.5093,-92.1193,5.42
2020/6,Monroe,32.5093,-92.1193,10.7
2020/7,Monroe,32.5093,-92.1193,9.24
2020/8,Monroe,32.5093,-92.1193,9.190909091
2020/9,Monroe,32.5093,-92.1193,9.07
2020/10,Monroe,32.5093,-92.1193,7.66
2020/11,Monroe,32.5093,-92.1193,6.97
2020/12,Monroe,32.5093,-92.1193,6.5125
2020/1,PortAllen,30.4474,-91.2082,6.462068966
2020/2,PortAllen,30.4474,-91.2082,6.277777778
2020/3,PortAllen,30.4474,-91.2082,8.536666667
2020/4,PortAllen,30.4474,-91.2082,9.52
2020/5,PortAllen,30.4474,-91.2082,8.142307692
2020/6,PortAllen,30.4474,-91.2082,10.19666667
2020/7,PortAllen,30.4474,-91.2082,10.62903226
2020/8,PortAllen,30.4474,-91.2082,9.883333333
2020/9,PortAllen,30.4474,-91.2082,9.303333333
2020/10,PortAllen,30.4474,-91.2082,8.348387097
2020/11,PortAllen,30.4474,-91.2082,7.975862069
2020/12,PortAllen,30.4474,-91.2082,6.9
2020/1,Shreveport,32.4465,-93.8256,8.418181818
2020/2,Shreveport,32.4465,-93.8256,6.266666667
2020/3,Shreveport,32.4465,-93.8256,9.416666667
2020/4,Shreveport,32.4465,-93.8256,8.61
2020/5,Shreveport,32.4465,-93.8256,6.74
2020/6,Shreveport,32.4465,-93.8256,14.65
2020/7,Shreveport,32.4465,-93.8256,12.28
2020/8,Shreveport,32.4465,-93.8256,11.9
2020/9,Shreveport,32.4465,-93.8256,9.3375
2020/10,Shreveport,32.4465,-93.8256,8.95
2020/11,Shreveport,32.4465,-93.8256,8.16
2020/12,Shreveport,32.4465,-93.8256,9.14
2020/1,Vinton,30.1986,-93.5708,5.527272727
2020/2,Vinton,30.1986,-93.5708,4.177777778
2020/3,Vinton,30.1986,-93.5708,7.781818182
2020/4,Vinton,30.1986,-93.5708,8.18
2020/5,Vinton,30.1986,-93.5708,5.31
2020/6,Vinton,30.1986,-93.5708,11.52
2020/7,Vinton,30.1986,-93.5708,10.77
2020/8,Vinton,30.1986,-93.5708,8.488888889
2020/9,Vinton,30.1986,-93.5708,8.1
2020/10,Vinton,30.1986,-93.5708,7.89
2020/11,Vinton,30.1986,-93.5708,6.95
2020/12,Vinton,30.1986,-93.5708,4.67
2021/1,Alexandria,31.3113,-92.4451,5.163636364
2021/2,Alexandria,31.3113,-92.4451,6.911111111
2021/3,Alexandria,31.3113,-92.4451,6.11
2021/4,Alexandria,31.3113,-92.4451,6.57
2021/5,Alexandria,31.3113,-92.4451,6.636363636
2021/6,Alexandria,31.3113,-92.4451,6.94
2021/7,Alexandria,31.3113,-92.4451,9.04
2021/8,Alexandria,31.3113,-92.4451,9.36
2021/9,Alexandria,31.3113,-92.4451,7.5
2021/10,Alexandria,31.3113,-92.4451,7.518181818
2021/11,Alexandria,31.3113,-92.4451,9.03
2021/12,Alexandria,31.3113,-92.4451,6.46
2021/1,BatonRouge,30.4507,-91.1546,6.65
2021/2,BatonRouge,30.4507,-91.1546,7.046428571
2021/3,BatonRouge,30.4507,-91.1546,7.219354839
2021/4,BatonRouge,30.4507,-91.1546,7.382758621
2021/5,BatonRouge,30.4507,-91.1546,7.003333333
2021/6,BatonRouge,30.4507,-91.1546,7.44
2021/7,BatonRouge,30.4507,-91.1546,11.05483871
2021/8,BatonRouge,30.4507,-91.1546,11.35333333
2021/9,BatonRouge,30.4507,-91.1546,9.58
2021/10,BatonRouge,30.4507,-91.1546,9.503571429
2021/11,BatonRouge,30.4507,-91.1546,9.416666667
2021/12,BatonRouge,30.4507,-91.1546,8.880645161
2021/1,BayouPlaquemine,30.287,-91.2423,6.8
2021/2,BayouPlaquemine,30.287,-91.2423,6.133333333
2021/3,BayouPlaquemine,30.287,-91.2423,7.23
2021/4,BayouPlaquemine,30.287,-91.2423,7.366666667
2021/5,BayouPlaquemine,30.287,-91.2423,6.91
2021/6,BayouPlaquemine,30.287,-91.2423,6.933333333
2021/7,BayouPlaquemine,30.287,-91.2423,8.2816
2021/8,BayouPlaquemine,30.287,-91.2423,8.2816
2021/9,BayouPlaquemine,30.287,-91.2423,8.2816
2021/10,BayouPlaquemine,30.287,-91.2423,8.2816
2021/11,BayouPlaquemine,30.287,-91.2423,8.2816
2021/12,BayouPlaquemine,30.287,-91.2423,8.2816
2021/1,Chalmette,29.9336,-89.9636,6.04
2021/2,Chalmette,29.9336,-89.9636,7
2021/3,Chalmette,29.9336,-89.9636,7.02
2021/4,Chalmette,29.9336,-89.9636,7
2021/5,Chalmette,29.9336,-89.9636,7.58
2021/6,Chalmette,29.9336,-89.9636,8.48
2021/7,Chalmette,29.9336,-89.9636,8.6
2021/8,Chalmette,29.9336,-89.9636,10.02
2021/9,Chalmette,29.9336,-89.9636,10.15
2021/10,Chalmette,29.9336,-89.9636,5.6
2021/11,Chalmette,29.9336,-89.9636,6.54
2021/12,Chalmette,29.9336,-89.9636,6.62
2021/1,Geismer,30.1797,-90.9789,6.990909091
2021/2,Geismer,30.1797,-90.9789,6.977777778
2021/3,Geismer,30.1797,-90.9789,7.39
2021/4,Geismer,30.1797,-90.9789,6.51
2021/5,Geismer,30.1797,-90.9789,6.91
2021/6,Geismer,30.1797,-90.9789,6.6
2021/7,Geismer,30.1797,-90.9789,8.02
2021/8,Geismer,30.1797,-90.9789,10.1125
2021/9,Geismer,30.1797,-90.9789,8.783333333
2021/10,Geismer,30.1797,-90.9789,8.16
2021/11,Geismer,30.1797,-90.9789,9.83
2021/12,Geismer,30.1797,-90.9789,6.411111111
2021/1,Hammond,30.5044,-90.4615,6.009090909
2021/2,Hammond,30.5044,-90.4615,5.9875
2021/3,Hammond,30.5044,-90.4615,6.744444444
2021/4,Hammond,30.5044,-90.4615,6.2375
2021/5,Hammond,30.5044,-90.4615,6.31
2021/6,Hammond,30.5044,-90.4615,6.655555556
2021/7,Hammond,30.5044,-90.4615,7.02
2021/8,Hammond,30.5044,-90.4615,10.1
2021/9,Hammond,30.5044,-90.4615,9.95
2021/10,Hammond,30.5044,-90.4615,12.65714286
2021/11,Hammond,30.5044,-90.4615,8.363636364
2021/12,Hammond,30.5044,-90.4615,6.56
2021/1,Houma,29.5958,-90.7195,5.8
2021/2,Houma,29.5958,-90.7195,5.722222222
2021/3,Houma,29.5958,-90.7195,6.285714286
2021/4,Houma,29.5958,-90.7195,6.383333333
2021/5,Houma,29.5958,-90.7195,7.027272727
2021/6,Houma,29.5958,-90.7195,5.771428571
2021/7,Houma,29.5958,-90.7195,7.21
2021/8,Houma,29.5958,-90.7195,9.1125
2021/9,Houma,29.5958,-90.7195,5.483333333
2021/10,Houma,29.5958,-90.7195,7.781818182
2021/11,Houma,29.5958,-90.7195,8.95
2021/12,Houma,29.5958,-90.7195,5.77
2021/1,Kenner,30.0101,-90.2549,5.76
2021/2,Kenner,30.0101,-90.2549,6.28
2021/3,Kenner,30.0101,-90.2549,6
2021/4,Kenner,30.0101,-90.2549,7.14
2021/5,Kenner,30.0101,-90.2549,6.52
2021/6,Kenner,30.0101,-90.2549,7.12
2021/7,Kenner,30.0101,-90.2549,7.78
2021/8,Kenner,30.0101,-90.2549,9.06
2021/9,Kenner,30.0101,-90.2549,6.25
2021/10,Kenner,30.0101,-90.2549,7.666666667
2021/11,Kenner,30.0101,-90.2549,6.62
2021/12,Kenner,30.0101,-90.2549,5.28
2021/1,Lafayette,30.2033,-92.0295,7.781818182
2021/2,Lafayette,30.2033,-92.0295,7.355555556
2021/3,Lafayette,30.2033,-92.0295,7.16
2021/4,Lafayette,30.2033,-92.0295,7.04
2021/5,Lafayette,30.2033,-92.0295,6.709090909
2021/6,Lafayette,30.2033,-92.0295,6.5
2021/7,Lafayette,30.2033,-92.0295,7.75
2021/8,Lafayette,30.2033,-92.0295,9.09
2021/9,Lafayette,30.2033,-92.0295,7.25
2021/10,Lafayette,30.2033,-92.0295,7.636363636
2021/11,Lafayette,30.2033,-92.0295,10.51
2021/12,Lafayette,30.2033,-92.0295,6.36
2021/1,LakeCharles,30.195,-93.2333,7.554545455
2021/2,LakeCharles,30.195,-93.2333,6.144444444
2021/3,LakeCharles,30.195,-93.2333,7.811111111
2021/4,LakeCharles,30.195,-93.2333,6.36
2021/5,LakeCharles,30.195,-93.2333,7.045454545
2021/6,LakeCharles,30.195,-93.2333,7.088888889
2021/7,LakeCharles,30.195,-93.2333,8.2
2021/8,LakeCharles,30.195,-93.2333,10.61111111
2021/9,LakeCharles,30.195,-93.2333,7.425
2021/10,LakeCharles,30.195,-93.2333,7.418181818
2021/11,LakeCharles,30.195,-93.2333,8.51
2021/12,LakeCharles,30.195,-93.2333,5.825
2021/1,Marrero,29.8994,-90.1004,7.008333333
2021/2,Marrero,29.8994,-90.1004,6.222222222
2021/3,Marrero,29.8994,-90.1004,7.072727273
2021/4,Marrero,29.8994,-90.1004,6.181818182
2021/5,Marrero,29.8994,-90.1004,7.027272727
2021/6,Marrero,29.8994,-90.1004,6.9
2021/7,Marrero,29.8994,-90.1004,7.58
2021/8,Marrero,29.8994,-90.1004,10.25454545
2021/9,Marrero,29.8994,-90.1004,4.914285714
2021/10,Marrero,29.8994,-90.1004,7.118181818
2021/11,Marrero,29.8994,-90.1004,8.44
2021/12,Marrero,29.8994,-90.1004,4.9
2021/1,Monroe,32.5093,-92.1193,5.454545455
2021/2,Monroe,32.5093,-92.1193,7.177777778
2021/3,Monroe,32.5093,-92.1193,6.257142857
2021/4,Monroe,32.5093,-92.1193,6.377777778
2021/5,Monroe,32.5093,-92.1193,6.672727273
2021/6,Monroe,32.5093,-92.1193,7.51
2021/7,Monroe,32.5093,-92.1193,11.58888889
2021/8,Monroe,32.5093,-92.1193,7.83
2021/9,Monroe,32.5093,-92.1193,8.88
2021/10,Monroe,32.5093,-92.1193,6.83
2021/11,Monroe,32.5093,-92.1193,6.944444444
2021/12,Monroe,32.5093,-92.1193,7.1
2021/1,PortAllen,30.4474,-91.2082,7.338709677
2021/2,PortAllen,30.4474,-91.2082,7.978571429
2021/3,PortAllen,30.4474,-91.2082,8.112903226
2021/4,PortAllen,30.4474,-91.2082,8.14137931
2021/5,PortAllen,30.4474,-91.2082,7.464516129
2021/6,PortAllen,30.4474,-91.2082,8.186666667
2021/7,PortAllen,30.4474,-91.2082,9.966666667
2021/8,PortAllen,30.4474,-91.2082,10.81724138
2021/9,PortAllen,30.4474,-91.2082,9.410714286
2021/10,PortAllen,30.4474,-91.2082,9.907407407
2021/11,PortAllen,30.4474,-91.2082,9.39
2021/12,PortAllen,30.4474,-91.2082,8.766666667
2021/1,Shreveport,32.4465,-93.8256,5.890909091
2021/2,Shreveport,32.4465,-93.8256,8.655555556
2021/3,Shreveport,32.4465,-93.8256,8.93
2021/4,Shreveport,32.4465,-93.8256,8.77
2021/5,Shreveport,32.4465,-93.8256,8.154545455
2021/6,Shreveport,32.4465,-93.8256,10.57
2021/7,Shreveport,32.4465,-93.8256,12.9
2021/8,Shreveport,32.4465,-93.8256,10.6
2021/9,Shreveport,32.4465,-93.8256,9.5
2021/10,Shreveport,32.4465,-93.8256,9.545454545
2021/11,Shreveport,32.4465,-93.8256,9.84
2021/12,Shreveport,32.4465,-93.8256,8.61
2021/1,Vinton,30.1986,-93.5708,4.981818182
2021/2,Vinton,30.1986,-93.5708,7.955555556
2021/3,Vinton,30.1986,-93.5708,7.33
2021/4,Vinton,30.1986,-93.5708,7.25
2021/5,Vinton,30.1986,-93.5708,7.118181818
2021/6,Vinton,30.1986,-93.5708,6.72
2021/7,Vinton,30.1986,-93.5708,9.01
2021/8,Vinton,30.1986,-93.5708,8.471428571
2021/9,Vinton,30.1986,-93.5708,4.133333333
2021/10,Vinton,30.1986,-93.5708,6.463636364
2021/11,Vinton,30.1986,-93.5708,7.52
2021/12,Vinton,30.1986,-93.5708,4.385714286
