CountyFIPS_Year,County,PM2.5Value,Year,CancerRate,CancerCount,TotalPopulation,COPDCount
22001_2010,ACADIA,9.7,2010,78.9,54,61876,246
22001_2011,ACADIA,9.4,2011,80.9,54,61872,206
22003_2010,ALLEN,9.6,2010,73.8,20,25704,87
22001_2012,ACADIA,9.5,2012,77.6,53,62007,231
22001_2013,ACADIA,9.4,2013,86,58,62310,214
22005_2010,ASCENSION,12.6,2010,67.1,59,107894,121
22001_2014,ACADIA,9.4,2014,78.9,55,62681,198
22001_2015,ACADIA,9.1,2015,74.2,53,62696,185
22007_2010,ASSUMPTION,11.3,2010,72.6,19,23332,41
22001_2016,ACADIA,8.7,2016,90.4,64,62830,203
22001_2017,ACADIA,9,2017,75.3,58,62581,197
22009_2010,AVOYELLES,9.8,2010,82.1,40,42115,104
22001_2018,ACADIA,9.5,2018,65,50,62315,169
22001_2019,ACADIA,8.6,2019,66.7,54,62207,146
22011_2010,BEAUREGARD,9.9,2010,85.4,32,35832,148
22003_2011,ALLEN,9.2,2011,77,21,25740,76
22013_2010,BIENVILLE,10.2,2010,77.1,16,14307,56
22003_2012,ALLEN,9,2012,62.7,17,25619,131
22003_2013,ALLEN,9.1,2013,72.7,21,25660,108
22015_2010,BOSSIER,10.7,2010,82.7,98,117637,293
22003_2014,ALLEN,9.2,2014,65.8,19,25710,96
22003_2015,ALLEN,8.9,2015,78.9,22,25630,72
22017_2010,CADDO,11.2,2010,67.8,194,255652,635
22003_2016,ALLEN,8.5,2016,66.9,21,25696,94
22003_2017,ALLEN,8.8,2017,77.1,23,25595,171
22019_2010,CALCASIEU,9.6,2010,78.6,163,193023,479
22003_2018,ALLEN,9.5,2018,^,^,25535,122
22021_2010,CALDWELL,9.5,2010,^,^,10148,32
22003_2019,ALLEN,8.5,2019,79.7,24,25594,79
22023_2010,CAMERON,9.9,2010,^,^,6915,10
22005_2011,ASCENSION,11.7,2011,77.8,72,110084,139
22005_2012,ASCENSION,10.7,2012,61,59,112238,107
22025_2010,CATAHOULA,9.4,2010,^,^,10379,36
22005_2013,ASCENSION,9.7,2013,57.8,59,114665,96
22005_2014,ASCENSION,10,2014,69.2,73,117318,74
22027_2010,CLAIBORNE,10.2,2010,72.4,16,17174,8
22005_2015,ASCENSION,10.2,2015,55.7,65,119417,85
22005_2016,ASCENSION,10.1,2016,72.6,76,121646,104
22029_2010,CONCORDIA,9.5,2010,89.7,22,20840,38
22005_2017,ASCENSION,9.9,2017,59.7,70,123237,95
22005_2018,ASCENSION,10.3,2018,65.4,82,124961,111
22031_2010,DE SOTO,10.4,2010,74.6,24,26670,86
22005_2019,ASCENSION,9.6,2019,60.9,79,126798,105
22033_2010,EAST BATON ROUGE,10.7,2010,59.1,246,440937,492
22007_2011,ASSUMPTION,10.5,2011,84.5,23,23186,53
22007_2012,ASSUMPTION,10,2012,89.2,26,23071,51
22035_2010,EAST CARROLL,10.2,2010,^,^,7737,8
22007_2013,ASSUMPTION,9.5,2013,77.8,21,23201,43
22007_2014,ASSUMPTION,9.3,2014,98.1,26,23052,42
22037_2010,EAST FELICIANA,10.2,2010,69.6,17,20150,68
22007_2015,ASSUMPTION,9.3,2015,^,^,22902,37
22007_2016,ASSUMPTION,9,2016,71.9,21,22773,51
22039_2010,EVANGELINE,9.7,2010,89.1,33,33954,137
22007_2017,ASSUMPTION,9.1,2017,54.4,16,22586,49
22041_2010,FRANKLIN,9.9,2010,104,28,20810,117
22007_2018,ASSUMPTION,9.5,2018,68.9,21,22280,39
22007_2019,ASSUMPTION,8.6,2019,93.3,27,21921,41
22043_2010,GRANT,9.8,2010,139.7,32,22346,55
22009_2011,AVOYELLES,9.3,2011,94.8,47,41805,141
22045_2010,IBERIA,10.3,2010,68.1,52,72882,177
22009_2012,AVOYELLES,9.2,2012,74.6,38,41584,158
22009_2013,AVOYELLES,8.8,2013,85,43,41288,115
22047_2010,IBERVILLE,10.6,2010,82.4,31,33389,44
22009_2014,AVOYELLES,9.2,2014,79.4,39,41101,97
22009_2015,AVOYELLES,8.9,2015,69.1,36,40992,106
22049_2010,JACKSON,10,2010,77.6,16,16309,102
22009_2016,AVOYELLES,8.8,2016,84.5,45,40970,98
22009_2017,AVOYELLES,8.8,2017,75.6,42,40840,148
22051_2010,JEFFERSON,9.6,2010,71.3,349,432618,795
22009_2018,AVOYELLES,9.4,2018,62.8,35,40410,119
22009_2019,AVOYELLES,8.4,2019,63.2,34,40138,74
22053_2010,JEFFERSON DAVIS,9.6,2010,78.9,29,31629,134
22011_2011,BEAUREGARD,9.8,2011,72.6,29,36101,158
22055_2010,LAFAYETTE,9.7,2010,71.5,143,222513,399
22011_2012,BEAUREGARD,9.4,2012,64.7,26,36346,167
22011_2013,BEAUREGARD,9.5,2013,92.4,40,36281,185
22057_2010,LAFOURCHE,10.3,2010,89.2,89,96693,261
22011_2014,BEAUREGARD,9.4,2014,71.3,31,36264,165
22011_2015,BEAUREGARD,9.1,2015,57.3,25,36557,168
22061_2010,LINCOLN,10.3,2010,80.9,34,46854,81
22011_2016,BEAUREGARD,8.6,2016,81.4,36,37028,127
22011_2017,BEAUREGARD,9.2,2017,81.5,37,36885,172
22063_2010,LIVINGSTON,10.7,2010,69.2,80,128351,355
22011_2018,BEAUREGARD,10,2018,77.2,36,37491,136
22011_2019,BEAUREGARD,8.9,2019,54.3,25,37649,79
22065_2010,MADISON,9.9,2010,^,^,12107,28
22013_2011,BIENVILLE,9.9,2011,95.9,20,14262,53
22067_2010,MOREHOUSE,10.5,2010,70.8,24,27873,24
22013_2012,BIENVILLE,10.1,2012,95.2,19,14195,53
22013_2013,BIENVILLE,10,2013,^,^,13966,47
22069_2010,NATCHITOCHES,10.2,2010,95.9,42,39523,81
22013_2014,BIENVILLE,9.7,2014,85.9,18,13789,38
22013_2015,BIENVILLE,9.5,2015,79.4,17,13828,38
22071_2010,ORLEANS,9.9,2010,73.8,248,347789,455
22013_2016,BIENVILLE,9.4,2016,^,^,13796,48
22013_2017,BIENVILLE,9.7,2017,^,^,13640,37
22073_2010,OUACHITA,9.6,2010,85.2,133,153966,417
22013_2018,BIENVILLE,10.1,2018,^,^,13303,28
22013_2019,BIENVILLE,9.7,2019,81.5,17,13234,42
22075_2010,PLAQUEMINES,9.3,2010,75.4,16,23120,50
22015_2011,BOSSIER,11,2011,78.9,91,120122,279
22077_2010,POINTE COUPEE,10.5,2010,^,^,22814,21
22015_2012,BOSSIER,10.9,2012,80.5,103,123177,237
22015_2013,BOSSIER,10.6,2013,66.5,86,124049,246
22079_2010,RAPIDES,9.2,2010,60.9,88,131742,294
22015_2014,BOSSIER,10.3,2014,50.3,67,124922,247
22081_2010,RED RIVER,10,2010,^,^,9099,21
22015_2015,BOSSIER,10.1,2015,73.6,100,125634,320
22015_2016,BOSSIER,9.9,2016,60.3,84,125946,409
22083_2010,RICHLAND,10.1,2010,77.2,18,20757,105
22015_2017,BOSSIER,10.2,2017,70.4,99,127011,242
22015_2018,BOSSIER,10.5,2018,60.4,87,127153,238
22085_2010,SABINE,9.8,2010,70.2,23,24230,68
22015_2019,BOSSIER,10.3,2019,73.6,110,127377,255
22017_2011,CADDO,12.2,2011,69.2,199,257058,601
22017_2012,CADDO,12.8,2012,72.7,216,257367,577
22017_2013,CADDO,11,2013,65.7,199,255248,582
22017_2014,CADDO,10.1,2014,78.3,236,252740,617
22017_2015,CADDO,10.5,2015,67.5,209,251499,723
22017_2016,CADDO,10,2016,72.6,227,249024,653
22017_2017,CADDO,10.8,2017,67.4,215,246177,530
22017_2018,CADDO,10.7,2018,63.6,207,243105,533
22105_2010,TANGIPAHOA,9,2010,81.5,99,121463,447
22017_2019,CADDO,10.7,2019,68.2,218,240431,536
22107_2010,TENSAS,9.6,2010,^,^,5229,14
22019_2011,CALCASIEU,9,2011,65.1,134,193881,514
22019_2012,CALCASIEU,8.3,2012,66,141,194516,565
22109_2010,TERREBONNE,8.8,2010,74.3,83,111552,222
22019_2013,CALCASIEU,8,2013,66.3,148,195550,532
22019_2014,CALCASIEU,7.4,2014,62.4,142,196641,476
22019_2015,CALCASIEU,7.3,2015,71.4,166,198542,399
22019_2016,CALCASIEU,7.6,2016,64.2,144,200780,383
22019_2017,CALCASIEU,7.7,2017,72.4,174,202653,404
22019_2018,CALCASIEU,7.9,2018,65.2,158,203507,225
22019_2019,CALCASIEU,6.8,2019,72.7,175,204038,213
22021_2011,CALDWELL,9.1,2011,^,^,10123,23
22021_2012,CALDWELL,9.2,2012,^,^,10040,26
22021_2013,CALDWELL,9.2,2013,^,^,9986,23
22021_2014,CALDWELL,9.2,2014,^,^,9953,20
22021_2015,CALDWELL,8.9,2015,^,^,10048,20
22021_2016,CALDWELL,8.6,2016,^,^,10069,28
22021_2017,CALDWELL,8.7,2017,^,^,9962,24
22021_2018,CALDWELL,9.1,2018,^,^,9979,15
22021_2019,CALDWELL,8.6,2019,121.9,16,9946,27
22023_2011,CAMERON,9.6,2011,^,^,6672,9
22023_2012,CAMERON,8.3,2012,^,^,6630,12
22023_2013,CAMERON,9.2,2013,^,^,6711,9
22023_2014,CAMERON,9.1,2014,^,^,6724,11
22023_2015,CAMERON,9.1,2015,^,^,6821,14
22023_2016,CAMERON,7.9,2016,^,^,6888,7
22023_2017,CAMERON,8.7,2017,^,^,6935,11
22023_2018,CAMERON,9.4,2018,^,^,7008,10
22023_2019,CAMERON,8.2,2019,^,^,6981,Suppressed
22025_2011,CATAHOULA,8.9,2011,^,^,10289,51
22025_2012,CATAHOULA,8.9,2012,^,^,10243,39
22025_2013,CATAHOULA,8.6,2013,126.5,16,10254,26
22025_2014,CATAHOULA,9,2014,^,^,10133,24
22025_2015,CATAHOULA,8.6,2015,^,^,10034,48
22025_2016,CATAHOULA,8.3,2016,^,^,9863,49
22025_2017,CATAHOULA,8.4,2017,^,^,9812,35
22025_2018,CATAHOULA,8.9,2018,^,^,9571,27
22027_2011,CLAIBORNE,10,2011,^,^,16940,7
22025_2019,CATAHOULA,8.2,2019,^,^,9459,17
22029_2011,CONCORDIA,9,2011,102.3,26,20844,37
22027_2012,CLAIBORNE,10,2012,^,^,16869,10
22031_2011,DE SOTO,10,2011,116.9,39,26782,94
22027_2013,CLAIBORNE,9.9,2013,^,^,16665,10
22033_2011,EAST BATON ROUGE,10.1,2011,49.1,211,441627,468
22027_2014,CLAIBORNE,9.6,2014,76.3,16,16406,16
22035_2011,EAST CARROLL,9.7,2011,^,^,7658,Suppressed
22027_2015,CLAIBORNE,9.5,2015,74.9,17,16271,12
22027_2016,CLAIBORNE,9.3,2016,^,^,16168,16
22037_2011,EAST FELICIANA,9.9,2011,^,^,20079,62
22027_2017,CLAIBORNE,9.5,2017,89.1,20,15964,10
22027_2018,CLAIBORNE,9.9,2018,85.3,20,15912,15
22039_2011,EVANGELINE,9.2,2011,72,27,33840,210
22027_2019,CLAIBORNE,9.7,2019,65.6,16,15718,7
22041_2011,FRANKLIN,9.3,2011,73.5,20,20774,109
22029_2012,CONCORDIA,8.8,2012,^,^,20502,39
22043_2011,GRANT,9.5,2011,98.9,23,22397,70
22029_2013,CONCORDIA,8.5,2013,72.8,18,20504,44
22029_2014,CONCORDIA,9,2014,66.2,17,20484,67
22045_2011,IBERIA,10,2011,70.2,53,73216,161
22029_2015,CONCORDIA,8.6,2015,69.9,20,20233,56
22029_2016,CONCORDIA,8.2,2016,81.5,21,19971,69
22047_2011,IBERVILLE,10,2011,94.3,36,33364,46
22029_2017,CONCORDIA,8.5,2017,^,^,19850,64
22029_2018,CONCORDIA,8.9,2018,89.9,23,19618,67
22049_2011,JACKSON,9.5,2011,^,^,16362,82
22029_2019,CONCORDIA,8.3,2019,^,^,19314,72
22051_2011,JEFFERSON,9.3,2011,75.8,378,434133,790
22053_2011,JEFFERSON DAVIS,9.2,2011,65.7,25,31595,138
22031_2012,DE SOTO,10,2012,65.7,24,27028,94
22055_2011,LAFAYETTE,9,2011,69.6,146,224898,429
22031_2013,DE SOTO,10,2013,62.4,21,27096,98
22031_2014,DE SOTO,9.9,2014,69.4,24,27069,99
22057_2011,LAFOURCHE,9.9,2011,62,64,97031,234
22031_2015,DE SOTO,9.6,2015,72.4,27,27112,82
22031_2016,DE SOTO,9.4,2016,69.4,26,27194,86
22031_2017,DE SOTO,9.9,2017,^,^,27281,68
22061_2011,LINCOLN,10,2011,57.6,25,47068,83
22031_2018,DE SOTO,10.1,2018,69.2,25,27412,73
22031_2019,DE SOTO,9.8,2019,61.3,24,27440,71
22063_2011,LIVINGSTON,10.7,2011,94.5,110,129858,317
22065_2011,MADISON,9.6,2011,^,^,11978,33
22033_2012,EAST BATON ROUGE,9.8,2012,54.8,241,443075,405
22033_2013,EAST BATON ROUGE,8.5,2013,54.6,243,444345,413
22067_2011,MOREHOUSE,10.1,2011,85.7,30,27482,16
22033_2014,EAST BATON ROUGE,8.9,2014,52.7,235,445334,395
22033_2015,EAST BATON ROUGE,12.2,2015,48.3,226,445776,377
22069_2011,NATCHITOCHES,9.8,2011,63.3,27,39385,116
22033_2016,EAST BATON ROUGE,12.1,2016,49.2,236,447020,392
22033_2017,EAST BATON ROUGE,10.3,2017,54.9,263,444848,375
22071_2011,ORLEANS,9.9,2011,60.7,218,360822,487
22033_2018,EAST BATON ROUGE,10.5,2018,48.5,241,442720,326
22073_2011,OUACHITA,9.4,2011,73.6,118,154654,396
22033_2019,EAST BATON ROUGE,9.5,2019,49.1,251,441471,300
22075_2011,PLAQUEMINES,9,2011,84.5,21,23588,39
22077_2011,POINTE COUPEE,9.9,2011,^,^,22804,24
22035_2012,EAST CARROLL,9.8,2012,^,^,7578,11
22035_2013,EAST CARROLL,9.4,2013,^,^,7499,6
22079_2011,RAPIDES,8.6,2011,76,114,132019,321
22035_2014,EAST CARROLL,9.6,2014,^,^,7444,6
22035_2015,EAST CARROLL,8.7,2015,^,^,7279,Suppressed
22081_2011,RED RIVER,9.7,2011,^,^,9082,48
22035_2016,EAST CARROLL,8.2,2016,^,^,7230,Suppressed
22035_2017,EAST CARROLL,8.5,2017,^,^,7117,Suppressed
22083_2011,RICHLAND,9.7,2011,90.8,22,20887,86
22035_2018,EAST CARROLL,8.8,2018,^,^,6971,Suppressed
22035_2019,EAST CARROLL,8.4,2019,^,^,6829,6
22085_2011,SABINE,9.4,2011,65.3,23,24426,105
22037_2012,EAST FELICIANA,9.5,2012,82.8,21,19852,71
22037_2013,EAST FELICIANA,8.6,2013,^,^,19596,57
22037_2014,EAST FELICIANA,9.3,2014,^,^,19672,52
22037_2015,EAST FELICIANA,9.5,2015,119.8,28,19534,39
22037_2016,EAST FELICIANA,9.3,2016,^,^,19500,52
22037_2017,EAST FELICIANA,9.1,2017,76,21,19383,48
22037_2018,EAST FELICIANA,9.6,2018,75.6,22,19272,37
22105_2011,TANGIPAHOA,9.5,2011,76,95,122694,415
22037_2019,EAST FELICIANA,8.8,2019,82.8,24,19103,33
22107_2011,TENSAS,9.1,2011,^,^,5091,11
22039_2012,EVANGELINE,9.2,2012,94.9,36,33745,155
22039_2013,EVANGELINE,9,2013,78.2,29,33824,133
22039_2014,EVANGELINE,9.3,2014,76.4,30,33759,163
22039_2015,EVANGELINE,8.9,2015,86.3,33,33728,132
22039_2016,EVANGELINE,8.7,2016,61.4,24,33671,127
22039_2017,EVANGELINE,8.9,2017,65.1,28,33655,168
22039_2018,EVANGELINE,9.4,2018,86.2,35,33457,112
22039_2019,EVANGELINE,8.4,2019,101.5,44,33396,113
22041_2012,FRANKLIN,9.3,2012,^,^,20580,56
22041_2013,FRANKLIN,9.1,2013,84.1,23,20519,35
22041_2014,FRANKLIN,9.3,2014,66.3,18,20441,59
22041_2015,FRANKLIN,8.8,2015,^,^,20397,60
22041_2016,FRANKLIN,8.4,2016,108,30,20393,22
22041_2017,FRANKLIN,8.6,2017,^,^,20265,20
22041_2018,FRANKLIN,8.9,2018,75.2,19,20170,25
22041_2019,FRANKLIN,8.3,2019,71.3,21,19996,37
22043_2012,GRANT,9.4,2012,70.6,17,22402,59
22043_2013,GRANT,9.3,2013,96.4,25,22317,64
22043_2014,GRANT,9.5,2014,77.5,20,22377,79
22043_2015,GRANT,9.2,2015,86.6,22,22327,82
22043_2016,GRANT,9,2016,74.7,19,22324,44
22043_2017,GRANT,9.2,2017,65,18,22330,85
22043_2018,GRANT,9.7,2018,75.3,21,22430,52
22043_2019,GRANT,8.9,2019,61.8,17,22352,42
22045_2012,IBERIA,9.8,2012,89.8,68,73446,129
22045_2013,IBERIA,9.5,2013,74.4,58,73628,167
22045_2014,IBERIA,9.4,2014,84.9,67,73518,84
22045_2015,IBERIA,9.4,2015,67.2,59,73548,81
22045_2016,IBERIA,9,2016,48.7,42,72753,148
22045_2017,IBERIA,9.1,2017,82.6,70,71805,153
22045_2018,IBERIA,9.5,2018,66.9,59,70627,70
22045_2019,IBERIA,8.6,2019,68.1,58,69638,98
22047_2012,IBERVILLE,9.3,2012,98.1,36,33332,56
22047_2013,IBERVILLE,8.8,2013,86.8,33,33395,44
22047_2014,IBERVILLE,9.2,2014,91.9,36,33142,27
22047_2015,IBERVILLE,8.2,2015,83,33,33149,30
22047_2016,IBERVILLE,8.3,2016,70.9,28,32865,29
22049_2012,JACKSON,9.7,2012,94.7,21,16280,62
22047_2017,IBERVILLE,8.1,2017,82.8,34,32927,42
22047_2018,IBERVILLE,8.9,2018,57,25,32719,37
22051_2012,JEFFERSON,9,2012,59.7,308,434049,841
22047_2019,IBERVILLE,8.5,2019,86.4,37,32549,25
22053_2012,JEFFERSON DAVIS,9,2012,89.1,34,31452,157
22055_2012,LAFAYETTE,8.6,2012,78.3,165,227554,451
22049_2013,JACKSON,9.7,2013,^,^,16150,62
22049_2014,JACKSON,9.5,2014,86.1,18,16013,40
22057_2012,LAFOURCHE,9.7,2012,70.6,74,97131,196
22049_2015,JACKSON,9.2,2015,71.4,17,15971,51
22049_2016,JACKSON,9,2016,98.3,22,15903,29
22049_2017,JACKSON,9.3,2017,89.2,20,15927,36
22061_2012,LINCOLN,10.1,2012,57.8,26,47039,100
22049_2018,JACKSON,9.7,2018,87.5,20,15944,32
22049_2019,JACKSON,9.3,2019,^,^,15761,28
22063_2012,LIVINGSTON,10,2012,88.7,111,131521,308
22065_2012,MADISON,9.4,2012,^,^,12215,15
22067_2012,MOREHOUSE,10.1,2012,78.2,27,27378,24
22069_2012,NATCHITOCHES,9.6,2012,46.3,22,39341,111
22051_2013,JEFFERSON,7.8,2013,65.2,344,434394,764
22051_2014,JEFFERSON,7.8,2014,66.5,352,434235,688
22071_2012,ORLEANS,9.5,2012,67.5,261,369947,418
22051_2015,JEFFERSON,8,2015,62.6,343,435358,610
22051_2016,JEFFERSON,6.6,2016,69.3,382,436865,634
22073_2012,OUACHITA,9.2,2012,76.6,127,155265,403
22051_2017,JEFFERSON,7.8,2017,54.7,302,436571,796
22051_2018,JEFFERSON,8,2018,51.6,301,434637,567
22075_2012,PLAQUEMINES,8.9,2012,100.8,26,23836,30
22051_2019,JEFFERSON,7.7,2019,58.4,351,434096,544
22077_2012,POINTE COUPEE,9.6,2012,73.9,23,22676,18
22079_2012,RAPIDES,8.5,2012,79.9,121,132022,330
22053_2013,JEFFERSON DAVIS,9.2,2013,83.2,32,31305,138
22053_2014,JEFFERSON DAVIS,9,2014,100.3,39,31462,123
22081_2012,RED RIVER,9.6,2012,^,^,9071,57
22053_2015,JEFFERSON DAVIS,8.8,2015,78.8,30,31449,118
22053_2016,JEFFERSON DAVIS,8.3,2016,72.1,29,31399,97
22083_2012,RICHLAND,9.8,2012,77.6,20,20917,53
22053_2017,JEFFERSON DAVIS,8.6,2017,73.8,29,31502,98
22085_2012,SABINE,9.3,2012,66.1,23,24328,82
22053_2018,JEFFERSON DAVIS,9.3,2018,64,28,31574,96
22053_2019,JEFFERSON DAVIS,8.4,2019,85.1,35,31444,95
22105_2012,TANGIPAHOA,8.9,2012,65.4,90,123656,368
22107_2012,TENSAS,8.9,2012,^,^,4998,8
22055_2013,LAFAYETTE,7.9,2013,65.7,146,231757,486
22055_2014,LAFAYETTE,8,2014,67.1,154,235999,401
22055_2015,LAFAYETTE,7.5,2015,65.9,155,239654,345
22055_2016,LAFAYETTE,7.1,2016,53.2,129,241611,405
22055_2017,LAFAYETTE,8.1,2017,57.1,145,242039,425
22055_2018,LAFAYETTE,8.4,2018,50.3,127,243493,338
22055_2019,LAFAYETTE,8,2019,61.2,175,244798,284
22057_2013,LAFOURCHE,9,2013,48.4,54,97235,259
22057_2014,LAFOURCHE,9.3,2014,81.2,88,97849,226
22057_2015,LAFOURCHE,9.3,2015,56.4,62,98279,185
22057_2016,LAFOURCHE,8.6,2016,63.9,78,98493,176
22057_2017,LAFOURCHE,9.1,2017,66.2,80,98078,240
22057_2018,LAFOURCHE,9.3,2018,69.6,83,97910,151
22057_2019,LAFOURCHE,8.5,2019,55.9,72,97618,105
22061_2013,LINCOLN,10,2013,45.6,22,47257,123
22061_2014,LINCOLN,9.6,2014,61.5,29,47227,111
22061_2015,LINCOLN,9.4,2015,67.6,31,47469,99
22061_2016,LINCOLN,9.2,2016,60.3,30,47520,58
22061_2017,LINCOLN,9.5,2017,45.5,23,47494,50
22061_2018,LINCOLN,9.9,2018,41.3,20,47174,34
22061_2019,LINCOLN,9.6,2019,66,33,46851,47
22063_2013,LIVINGSTON,8.8,2013,86.8,111,133726,301
22063_2014,LIVINGSTON,9.7,2014,75.6,105,135241,269
22063_2015,LIVINGSTON,10.1,2015,79.7,114,137202,215
22063_2016,LIVINGSTON,9.9,2016,63.1,92,139822,228
22063_2017,LIVINGSTON,9.7,2017,64.9,99,137907,244
22063_2018,LIVINGSTON,10.1,2018,79.5,121,139594,224
22063_2019,LIVINGSTON,9.5,2019,76.8,122,141561,183
22065_2013,MADISON,9.3,2013,^,^,11912,10
22065_2014,MADISON,9.6,2014,^,^,11826,31
22065_2015,MADISON,8.8,2015,^,^,11560,20
22065_2016,MADISON,8.3,2016,^,^,11497,29
22065_2017,MADISON,8.6,2017,^,^,11349,6
22067_2013,MOREHOUSE,9.8,2013,82.8,29,26938,25
22065_2018,MADISON,9,2018,^,^,11212,11
22065_2019,MADISON,8.5,2019,^,^,10994,15
22069_2013,NATCHITOCHES,9.7,2013,70.8,32,39122,92
22071_2013,ORLEANS,8.2,2013,66.7,260,378863,446
22073_2013,OUACHITA,8.1,2013,76.9,128,156075,461
22067_2014,MOREHOUSE,9.8,2014,86,30,26654,21
22067_2015,MOREHOUSE,9.2,2015,67.1,23,26307,19
22075_2013,PLAQUEMINES,7.9,2013,^,^,23520,29
22067_2016,MOREHOUSE,9,2016,94.4,33,25911,27
22077_2013,POINTE COUPEE,8.9,2013,55,17,22424,29
22067_2017,MOREHOUSE,9.1,2017,79.3,28,25664,35
22079_2013,RAPIDES,7.3,2013,60.9,95,132337,293
22067_2018,MOREHOUSE,9.4,2018,71.2,26,25304,41
22081_2013,RED RIVER,9.6,2013,^,^,8956,50
22067_2019,MOREHOUSE,9.1,2019,78.4,27,24839,92
22083_2013,RICHLAND,9.5,2013,70.6,18,20918,50
22085_2013,SABINE,9.5,2013,48.2,16,24264,90
22069_2014,NATCHITOCHES,9.6,2014,50,22,39131,112
22069_2015,NATCHITOCHES,9.4,2015,74.1,33,39018,117
22069_2016,NATCHITOCHES,9.3,2016,56.9,26,39016,116
22069_2017,NATCHITOCHES,9.6,2017,72.6,35,39051,122
22069_2018,NATCHITOCHES,10.1,2018,57.1,27,38623,61
22105_2013,TANGIPAHOA,7.5,2013,94.8,122,125550,310
22069_2019,NATCHITOCHES,9.5,2019,62.5,31,38179,88
22107_2013,TENSAS,8.8,2013,^,^,4932,Suppressed
22071_2014,ORLEANS,9,2014,59.6,245,384228,421
22071_2015,ORLEANS,9,2015,55.1,234,390094,381
22071_2016,ORLEANS,7.5,2016,49.7,221,392265,448
22071_2017,ORLEANS,8.1,2017,55.1,254,391819,495
22071_2018,ORLEANS,8.4,2018,56.1,271,391506,416
22071_2019,ORLEANS,7.8,2019,54.4,273,391172,456
22073_2014,OUACHITA,7.7,2014,74.7,128,156383,446
22073_2015,OUACHITA,8,2015,81.9,141,156916,329
22073_2016,OUACHITA,8.5,2016,83.9,149,156948,331
22073_2017,OUACHITA,7.9,2017,61.7,110,155913,284
22073_2018,OUACHITA,7.9,2018,61.6,113,154694,245
22073_2019,OUACHITA,7.3,2019,70.3,131,153401,304
22075_2014,PLAQUEMINES,8.9,2014,^,^,23323,19
22075_2015,PLAQUEMINES,8.9,2015,62.4,16,23462,20
22075_2016,PLAQUEMINES,7.9,2016,^,^,23360,35
22075_2017,PLAQUEMINES,8.6,2017,89.3,23,23376,33
22075_2018,PLAQUEMINES,8.6,2018,111.5,29,23411,24
22075_2019,PLAQUEMINES,8.2,2019,^,^,23264,22
22077_2014,POINTE COUPEE,9.3,2014,66.1,23,22309,22
22077_2015,POINTE COUPEE,9.3,2015,^,^,22197,22
22077_2016,POINTE COUPEE,9.2,2016,^,^,22126,37
22077_2017,POINTE COUPEE,9.1,2017,43.9,16,22170,28
22077_2018,POINTE COUPEE,9.6,2018,59.4,20,21856,15
22077_2019,POINTE COUPEE,8.7,2019,^,^,21735,10
22079_2014,RAPIDES,7.7,2014,65.4,105,132229,290
22079_2015,RAPIDES,7.2,2015,62.8,101,131821,289
22079_2016,RAPIDES,7.9,2016,55.4,88,131838,295
22081_2014,RED RIVER,9.4,2014,^,^,8758,57
22079_2017,RAPIDES,7.9,2017,79.4,128,131272,425
22079_2018,RAPIDES,8.2,2018,48.7,83,130404,219
22083_2014,RICHLAND,9.6,2014,61.5,16,20763,49
22079_2019,RAPIDES,7.5,2019,66.1,112,129800,216
22085_2014,SABINE,9.4,2014,65.3,23,24118,65
22081_2015,RED RIVER,9.2,2015,^,^,8710,76
22081_2016,RED RIVER,9.7,2016,^,^,8618,83
22105_2014,TANGIPAHOA,8.1,2014,60,82,127058,301
22081_2017,RED RIVER,9.8,2017,^,^,8523,94
22081_2018,RED RIVER,10.3,2018,^,^,8496,76
22107_2014,TENSAS,9.2,2014,^,^,4852,10
22081_2019,RED RIVER,9.8,2019,^,^,8380,58
22083_2015,RICHLAND,9,2015,86,23,20552,41
22083_2016,RICHLAND,8.6,2016,85.2,22,20458,75
22083_2017,RICHLAND,8.8,2017,68,17,20421,80
22083_2018,RICHLAND,9.1,2018,102.4,28,20215,73
22083_2019,RICHLAND,8.6,2019,77.8,22,20147,58
22085_2015,SABINE,9.2,2015,49.3,16,24213,84
22085_2016,SABINE,8.9,2016,54.6,19,24054,68
22085_2017,SABINE,9.4,2017,53.1,18,23913,88
22085_2018,SABINE,9.9,2018,81.3,27,23909,58
22085_2019,SABINE,9.2,2019,69.9,27,23895,68
22105_2015,TANGIPAHOA,7.6,2015,60.1,82,128774,261
22107_2015,TENSAS,8.6,2015,^,^,4773,6
22105_2016,TANGIPAHOA,7,2016,66.5,98,130759,285
22107_2016,TENSAS,8.1,2016,^,^,4652,Suppressed
22105_2017,TANGIPAHOA,8.2,2017,66.3,98,132445,426
22107_2017,TENSAS,8.4,2017,^,^,4572,Suppressed
22105_2018,TANGIPAHOA,7.5,2018,66.8,104,133951,313
22105_2019,TANGIPAHOA,7.8,2019,55.3,90,134845,272
22107_2018,TENSAS,8.8,2018,^,^,4454,7
22107_2019,TENSAS,8.3,2019,^,^,4319,Suppressed
22109_2011,TERREBONNE,8.7,2011,67.1,77,111690,208
22109_2012,TERREBONNE,7.7,2012,90.7,103,111762,222
22109_2013,TERREBONNE,7.1,2013,77.1,87,112773,206
22109_2014,TERREBONNE,7.5,2014,84,102,113553,227
22109_2015,TERREBONNE,6.9,2015,77,89,113894,208
22109_2016,TERREBONNE,6.9,2016,73.7,93,113071,237
22109_2017,TERREBONNE,7.5,2017,91.1,118,111880,318
22109_2018,TERREBONNE,7.2,2018,76.4,99,111265,214
22109_2019,TERREBONNE,7.5,2019,75.1,99,110615,193
22111_2010,UNION,10.5,2010,80.3,24,22842,87
22111_2011,UNION,10.2,2011,85.6,27,22766,72
22111_2012,UNION,10.2,2012,90.8,30,22528,91
22111_2013,UNION,10.1,2013,65.9,20,22460,83
22111_2014,UNION,9.8,2014,82.4,28,22560,66
22111_2015,UNION,9.5,2015,50,16,22490,63
22111_2016,UNION,9.3,2016,65.1,21,22514,61
22111_2017,UNION,9.5,2017,102,35,22391,46
22111_2018,UNION,9.8,2018,103.1,34,22209,18
22111_2019,UNION,9.6,2019,75.9,27,22068,58
22113_2010,VERMILION,10,2010,85.2,53,58083,130
22113_2011,VERMILION,9.6,2011,78.3,49,58198,116
22113_2012,VERMILION,9.5,2012,67.5,45,58637,116
22113_2013,VERMILION,9.5,2013,76,51,59286,112
22113_2014,VERMILION,9.4,2014,70.4,48,59539,93
22113_2015,VERMILION,9.3,2015,78.9,54,59928,83
22113_2016,VERMILION,8.8,2016,60.4,43,60120,86
22113_2017,VERMILION,9.1,2017,59.6,46,59937,97
22113_2018,VERMILION,9.4,2018,68.7,51,59928,62
22113_2019,VERMILION,8.6,2019,69.8,50,59573,118
22115_2010,VERNON,9.9,2010,87.2,37,52737,192
22115_2011,VERNON,9.4,2011,104.1,45,52297,311
22115_2012,VERNON,9.2,2012,77.7,35,54173,332
22115_2013,VERNON,9.3,2013,109.3,49,52884,312
22115_2014,VERNON,9.5,2014,76.3,34,52900,283
22115_2015,VERNON,9.1,2015,84.5,40,51535,219
22115_2016,VERNON,8.7,2016,85.3,41,51666,160
22115_2017,VERNON,9.3,2017,83.1,39,49941,180
22115_2018,VERNON,9.9,2018,90.8,41,48679,138
22115_2019,VERNON,8.9,2019,100,45,48394,119
22117_2010,WASHINGTON,9.6,2010,82.7,48,47083,206
22117_2011,WASHINGTON,9.2,2011,98.5,56,47125,193
22117_2012,WASHINGTON,9,2012,103.2,60,46675,191
22117_2013,WASHINGTON,8.4,2013,83.8,50,46412,170
22117_2014,WASHINGTON,9.1,2014,48.2,31,46320,131
22117_2015,WASHINGTON,9.3,2015,80.8,51,46365,157
22117_2016,WASHINGTON,8.5,2016,76,45,46414,89
22117_2017,WASHINGTON,8.8,2017,66.1,45,46678,64
22117_2018,WASHINGTON,9,2018,68.9,46,46601,35
22117_2019,WASHINGTON,8.8,2019,100.2,66,46158,20
22119_2010,WEBSTER,10.3,2010,77.9,41,41202,176
22119_2011,WEBSTER,10.2,2011,80,43,41248,175
22119_2012,WEBSTER,10.3,2012,77.2,44,40914,215
22119_2013,WEBSTER,10.1,2013,100.9,55,40669,184
22119_2014,WEBSTER,9.9,2014,79.7,43,40292,164
22119_2015,WEBSTER,9.7,2015,75.9,43,40067,155
22119_2016,WEBSTER,9.5,2016,83.7,48,39750,170
22119_2017,WEBSTER,9.8,2017,47.5,28,39268,129
22119_2018,WEBSTER,10.1,2018,79.1,46,38780,118
22119_2019,WEBSTER,9.9,2019,64.6,39,38323,143
22121_2010,WEST BATON ROUGE,11.2,2010,73.9,17,23964,43
22121_2011,WEST BATON ROUGE,11.1,2011,^,^,24125,35
22121_2012,WEST BATON ROUGE,9.9,2012,82.6,21,24170,25
22121_2013,WEST BATON ROUGE,8.8,2013,69.7,19,24682,29
22121_2014,WEST BATON ROUGE,8.9,2014,84.3,22,25229,23
22121_2015,WEST BATON ROUGE,8.9,2015,93.5,27,25596,21
22121_2016,WEST BATON ROUGE,9,2016,73.1,22,25942,30
22121_2017,WEST BATON ROUGE,9.1,2017,68.9,21,26238,28
22121_2018,WEST BATON ROUGE,9.3,2018,60.4,19,26451,17
22121_2019,WEST BATON ROUGE,9,2019,82.5,23,26550,18
22123_2010,WEST CARROLL,10.3,2010,^,^,11577,23
22123_2011,WEST CARROLL,9.8,2011,^,^,11521,37
22123_2012,WEST CARROLL,9.9,2012,^,^,11500,20
22123_2013,WEST CARROLL,9.5,2013,^,^,11452,19
22123_2014,WEST CARROLL,9.6,2014,102.2,16,11526,19
22123_2015,WEST CARROLL,8.8,2015,^,^,11287,21
22123_2016,WEST CARROLL,8.4,2016,^,^,11144,25
22123_2017,WEST CARROLL,8.5,2017,^,^,10967,26
22123_2018,WEST CARROLL,8.8,2018,^,^,11008,18
22123_2019,WEST CARROLL,8.5,2019,^,^,10906,16
22125_2010,WEST FELICIANA,9.8,2010,87.3,16,15636,24
22125_2011,WEST FELICIANA,9.3,2011,^,^,15511,14
22125_2012,WEST FELICIANA,9.1,2012,^,^,15471,23
22125_2013,WEST FELICIANA,8.4,2013,109.9,20,15455,10
22125_2014,WEST FELICIANA,9,2014,^,^,15372,20
22125_2015,WEST FELICIANA,9,2015,101.6,20,15376,22
22125_2016,WEST FELICIANA,8.9,2016,85.7,17,15322,8
22125_2017,WEST FELICIANA,8.7,2017,^,^,15373,12
22125_2018,WEST FELICIANA,9.2,2018,^,^,15474,6
22125_2019,WEST FELICIANA,8.5,2019,^,^,15570,10
22127_2010,WINN,9.7,2010,103.4,18,15302,58
22127_2011,WINN,9.3,2011,88.5,16,15155,73
22127_2012,WINN,9.3,2012,^,^,15105,73
22127_2013,WINN,9.3,2013,^,^,14852,53
22127_2014,WINN,9.4,2014,^,^,14823,50
22127_2015,WINN,9.1,2015,^,^,14646,39
22127_2016,WINN,8.9,2016,^,^,14539,48
22127_2017,WINN,9.2,2017,^,^,14355,52
22127_2018,WINN,9.6,2018,106.3,22,14132,53
22127_2019,WINN,9,2019,^,^,13961,42
