﻿Month,Year,Name,Mean
January,2016,Rapides,7.07
February,2016,Rapides,7.3
March,2016,Rapides,8.027272727
April,2016,Rapides,6.68
May,2016,Rapides,7.471428571
June,2016,Rapides,7.309090909
July,2016,Rapides,8.82
August,2016,Rapides,8.645454545
September,2016,Rapides,8.71
October,2016,Rapides,8.866666667
November,2016,Rapides,8.05
December,2016,Rapides,8.2816
January,2016,East Baton Rouge,7.106451613
February,2016,East Baton Rouge,7.830769231
March,2016,East Baton Rouge,8.442857143
April,2016,East Baton Rouge,8.127272727
May,2016,East Baton Rouge,8.585714286
June,2016,East Baton Rouge,11.172
July,2016,East Baton Rouge,10.10322581
August,2016,East Baton Rouge,9.766666667
September,2016,East Baton Rouge,11.45384615
October,2016,East Baton Rouge,17.62903226
November,2016,East Baton Rouge,10.13
December,2016,East Baton Rouge,8.003225806
January,2016,East Baton Rouge,8.066666667
February,2016,East Baton Rouge,10.15
March,2016,East Baton Rouge,9.933333333
April,2016,East Baton Rouge,7.566666667
May,2016,East Baton Rouge,11.4
June,2016,East Baton Rouge,10.92
July,2016,East Baton Rouge,13.5
August,2016,East Baton Rouge,7.333333333
September,2016,East Baton Rouge,13.2
October,2016,East Baton Rouge,11
November,2016,East Baton Rouge,5.3
December,2016,East Baton Rouge,8.3
January,2016,Iberville,7.616666667
February,2016,Iberville,6.325
March,2016,Iberville,12.13333333
April,2016,Iberville,7.633333333
May,2016,Iberville,6.8
June,2016,Iberville,7.75
July,2016,Iberville,8.84
August,2016,Iberville,7.22
September,2016,Iberville,9.06
October,2016,Iberville,6.9
November,2016,Iberville,10.025
December,2016,Iberville,7
January,2016,St. Bernard,6.854545455
February,2016,St. Bernard,7.055555556
March,2016,St. Bernard,8.072727273
April,2016,St. Bernard,7.466666667
May,2016,St. Bernard,8.909090909
June,2016,St. Bernard,8.27
July,2016,St. Bernard,9.544444444
August,2016,St. Bernard,7.885714286
September,2016,St. Bernard,8.141666667
October,2016,St. Bernard,9.1
November,2016,St. Bernard,10.14
December,2016,St. Bernard,7.8
January,2016,Ascension,4.7125
February,2016,Ascension,5.177777778
March,2016,Ascension,7.990909091
April,2016,Ascension,6.25
May,2016,Ascension,7.03
June,2016,Ascension,7.58
July,2016,Ascension,8.58
August,2016,Ascension,6.536363636
September,2016,Ascension,7.87
October,2016,Ascension,7.233333333
November,2016,Ascension,7.15
December,2016,Ascension,8.46
January,2016,Tangipahoa,4.55
February,2016,Tangipahoa,5.5
March,2016,Tangipahoa,5.833333333
April,2016,Tangipahoa,6
May,2016,Tangipahoa,6.52
June,2016,Tangipahoa,5.74
July,2016,Tangipahoa,8.56
August,2016,Tangipahoa,5.84
September,2016,Tangipahoa,8.38
October,2016,Tangipahoa,7.1
November,2016,Tangipahoa,6.516666667
December,2016,Tangipahoa,10.2
January,2016,Tangipahoa,6.18
February,2016,Tangipahoa,5.866666667
March,2016,Tangipahoa,7.554545455
April,2016,Tangipahoa,6.42
May,2016,Tangipahoa,7.62
June,2016,Tangipahoa,7.48
July,2016,Tangipahoa,7.76
August,2016,Tangipahoa,4.827272727
September,2016,Tangipahoa,5.477777778
October,2016,Tangipahoa,7.3
November,2016,Tangipahoa,8.86
December,2016,Tangipahoa,7.18
January,2016,Terrebonne,6.018181818
February,2016,Terrebonne,6.566666667
March,2016,Terrebonne,7.827272727
April,2016,Terrebonne,7.19
May,2016,Terrebonne,7.48
June,2016,Terrebonne,8.08
July,2016,Terrebonne,9.36
August,2016,Terrebonne,6.545454545
September,2016,Terrebonne,7.82
October,2016,Terrebonne,6.6875
November,2016,Terrebonne,8.375
December,2016,Terrebonne,7.27
January,2016,Jefferson,5.833333333
February,2016,Jefferson,6
March,2016,Jefferson,6.166666667
April,2016,Jefferson,6.06
May,2016,Jefferson,6.22
June,2016,Jefferson,5.4
July,2016,Jefferson,6.78
August,2016,Jefferson,6.92
September,2016,Jefferson,7.76
October,2016,Jefferson,6.3
November,2016,Jefferson,6.68
December,2016,Jefferson,5.94
January,2016,Lafayette,6.3
February,2016,Lafayette,6.111111111
March,2016,Lafayette,7.218181818
April,2016,Lafayette,5.86
May,2016,Lafayette,7.47
June,2016,Lafayette,7.11
July,2016,Lafayette,7.54
August,2016,Lafayette,6.027272727
September,2016,Lafayette,7.73
October,2016,Lafayette,8.877777778
November,2016,Lafayette,9.9
December,2016,Lafayette,4.3
January,2016,Calcasieu,6.018181818
February,2016,Calcasieu,6.566666667
March,2016,Calcasieu,7.827272727
April,2016,Calcasieu,7.19
May,2016,Calcasieu,7.48
June,2016,Calcasieu,8.08
July,2016,Calcasieu,9.36
August,2016,Calcasieu,6.545454545
September,2016,Calcasieu,7.82
October,2016,Calcasieu,6.6875
November,2016,Calcasieu,8.375
December,2016,Calcasieu,7.27
January,2016,Jefferson,6.109090909
February,2016,Jefferson,6
March,2016,Jefferson,8.291666667
April,2016,Jefferson,5.83
May,2016,Jefferson,6.95
June,2016,Jefferson,6.47
July,2016,Jefferson,7.12
August,2016,Jefferson,5.945454545
September,2016,Jefferson,7.422222222
October,2016,Jefferson,6.48
November,2016,Jefferson,7.32
December,2016,Jefferson,6.13
January,2016,Ouachita,10.42857143
February,2016,Ouachita,7.608333333
March,2016,Ouachita,5.418181818
April,2016,Ouachita,6.89
May,2016,Ouachita,7.49
June,2016,Ouachita,10.42222222
July,2016,Ouachita,8.928571429
August,2016,Ouachita,11.01875
September,2016,Ouachita,11.12
October,2016,Ouachita,8.708333333
November,2016,Ouachita,7.92
December,2016,Ouachita,6.054545455
January,2016,West Baton Rouge,7.016666667
February,2016,West Baton Rouge,7.527586207
March,2016,West Baton Rouge,9.010344828
April,2016,West Baton Rouge,7.996666667
May,2016,West Baton Rouge,8.853333333
June,2016,West Baton Rouge,9.99
July,2016,West Baton Rouge,10.71304348
August,2016,West Baton Rouge,8.629411765
September,2016,West Baton Rouge,9.069230769
October,2016,West Baton Rouge,10.87333333
November,2016,West Baton Rouge,10.76086957
December,2016,West Baton Rouge,8.125806452
January,2016,Caddo,9.291666667
February,2016,Caddo,9.716666667
March,2016,Caddo,7.484615385
April,2016,Caddo,10.02
May,2016,Caddo,8.866666667
June,2016,Caddo,10.71
July,2016,Caddo,13.26
August,2016,Caddo,11.14545455
September,2016,Caddo,9.31
October,2016,Caddo,11.12
November,2016,Caddo,10.77
December,2016,Caddo,8.372727273
January,2016,Caddo,8.633333333
February,2016,Caddo,14.65
March,2016,Caddo,6.7
April,2016,Caddo,7.733333333
May,2016,Caddo,11.6
June,2016,Caddo,10.875
July,2016,Caddo,15.75
August,2016,Caddo,10.13333333
September,2016,Caddo,10
October,2016,Caddo,11.26666667
November,2016,Caddo,9.8
December,2016,Caddo,9.8
January,2016,Calcasieu,5.35
February,2016,Calcasieu,5.93
March,2016,Calcasieu,9.4
April,2016,Calcasieu,7.145454545
May,2016,Calcasieu,8.2
June,2016,Calcasieu,7.12
July,2016,Calcasieu,10.51
August,2016,Calcasieu,7.654545455
September,2016,Calcasieu,8.672727273
October,2016,Calcasieu,7.372727273
November,2016,Calcasieu,7.57
December,2016,Calcasieu,6.744444444
